method,target_node,run_id,valid,evaluation_cost,optimal_cost,normalized_regret,sequence_hash,invalid_reason
random_frontier,6,0,True,708.9110672643005,708.9110672643005,0.0,34cef1a24a8ffbcd5c53c27f990e8ab7e47d0546584f216982d6f1f4427a6dc2,
random_frontier,6,1,True,708.9110672643005,708.9110672643005,0.0,34cef1a24a8ffbcd5c53c27f990e8ab7e47d0546584f216982d6f1f4427a6dc2,
random_frontier,6,2,True,708.9110672643005,708.9110672643005,0.0,34cef1a24a8ffbcd5c53c27f990e8ab7e47d0546584f216982d6f1f4427a6dc2,
random_frontier,6,3,True,708.9110672643005,708.9110672643005,0.0,34cef1a24a8ffbcd5c53c27f990e8ab7e47d0546584f216982d6f1f4427a6dc2,
random_frontier,6,4,True,708.9110672643005,708.9110672643005,0.0,34cef1a24a8ffbcd5c53c27f990e8ab7e47d0546584f216982d6f1f4427a6dc2,
random_frontier,6,5,True,708.9110672643005,708.9110672643005,0.0,34cef1a24a8ffbcd5c53c27f990e8ab7e47d0546584f216982d6f1f4427a6dc2,
random_frontier,6,6,True,708.9110672643005,708.9110672643005,0.0,34cef1a24a8ffbcd5c53c27f990e8ab7e47d0546584f216982d6f1f4427a6dc2,
random_frontier,6,7,True,708.9110672643005,708.9110672643005,0.0,34cef1a24a8ffbcd5c53c27f990e8ab7e47d0546584f216982d6f1f4427a6dc2,
random_frontier,6,8,True,708.9110672643005,708.9110672643005,0.0,34cef1a24a8ffbcd5c53c27f990e8ab7e47d0546584f216982d6f1f4427a6dc2,
random_frontier,6,9,True,708.9110672643005,708.9110672643005,0.0,34cef1a24a8ffbcd5c53c27f990e8ab7e47d0546584f216982d6f1f4427a6dc2,
random_frontier,6,10,True,708.9110672643005,708.9110672643005,0.0,34cef1a24a8ffbcd5c53c27f990e8ab7e47d0546584f216982d6f1f4427a6dc2,
random_frontier,6,11,True,708.9110672643005,708.9110672643005,0.0,34cef1a24a8ffbcd5c53c27f990e8ab7e47d0546584f216982d6f1f4427a6dc2,
random_frontier,6,12,True,708.9110672643005,708.9110672643005,0.0,34cef1a24a8ffbcd5c53c27f990e8ab7e47d0546584f216982d6f1f4427a6dc2,
random_frontier,6,13,True,708.9110672643005,708.9110672643005,0.0,34cef1a24a8ffbcd5c53c27f990e8ab7e47d0546584f216982d6f1f4427a6dc2,
random_frontier,6,14,True,708.9110672643005,708.9110672643005,0.0,34cef1a24a8ffbcd5c53c27f990e8ab7e47d0546584f216982d6f1f4427a6dc2,
random_frontier,6,15,True,708.9110672643005,708.9110672643005,0.0,34cef1a24a8ffbcd5c53c27f990e8ab7e47d0546584f216982d6f1f4427a6dc2,
random_frontier,6,16,True,708.9110672643005,708.9110672643005,0.0,34cef1a24a8ffbcd5c53c27f990e8ab7e47d0546584f216982d6f1f4427a6dc2,
random_frontier,6,17,True,708.9110672643005,708.9110672643005,0.0,34cef1a24a8ffbcd5c53c27f990e8ab7e47d0546584f216982d6f1f4427a6dc2,
random_frontier,6,18,True,708.9110672643005,708.9110672643005,0.0,34cef1a24a8ffbcd5c53c27f990e8ab7e47d0546584f216982d6f1f4427a6dc2,
random_frontier,6,19,True,708.9110672643005,708.9110672643005,0.0,34cef1a24a8ffbcd5c53c27f990e8ab7e47d0546584f216982d6f1f4427a6dc2,
random_frontier,6,20,True,708.9110672643005,708.9110672643005,0.0,34cef1a24a8ffbcd5c53c27f990e8ab7e47d0546584f216982d6f1f4427a6dc2,
random_frontier,6,21,True,708.9110672643005,708.9110672643005,0.0,34cef1a24a8ffbcd5c53c27f990e8ab7e47d0546584f216982d6f1f4427a6dc2,
random_frontier,6,22,True,708.9110672643005,708.9110672643005,0.0,34cef1a24a8ffbcd5c53c27f990e8ab7e47d0546584f216982d6f1f4427a6dc2,
random_frontier,6,23,True,708.9110672643005,708.9110672643005,0.0,34cef1a24a8ffbcd5c53c27f990e8ab7e47d0546584f216982d6f1f4427a6dc2,
random_frontier,6,24,True,708.9110672643005,708.9110672643005,0.0,34cef1a24a8ffbcd5c53c27f990e8ab7e47d0546584f216982d6f1f4427a6dc2,
random_frontier,6,25,True,708.9110672643005,708.9110672643005,0.0,34cef1a24a8ffbcd5c53c27f990e8ab7e47d0546584f216982d6f1f4427a6dc2,
random_frontier,6,26,True,708.9110672643005,708.9110672643005,0.0,34cef1a24a8ffbcd5c53c27f990e8ab7e47d0546584f216982d6f1f4427a6dc2,
random_frontier,6,27,True,708.9110672643005,708.9110672643005,0.0,34cef1a24a8ffbcd5c53c27f990e8ab7e47d0546584f216982d6f1f4427a6dc2,
random_frontier,6,28,True,708.9110672643005,708.9110672643005,0.0,34cef1a24a8ffbcd5c53c27f990e8ab7e47d0546584f216982d6f1f4427a6dc2,
random_frontier,6,29,True,708.9110672643005,708.9110672643005,0.0,34cef1a24a8ffbcd5c53c27f990e8ab7e47d0546584f216982d6f1f4427a6dc2,
random_frontier,6,30,True,708.9110672643005,708.9110672643005,0.0,34cef1a24a8ffbcd5c53c27f990e8ab7e47d0546584f216982d6f1f4427a6dc2,
random_frontier,6,31,True,708.9110672643005,708.9110672643005,0.0,34cef1a24a8ffbcd5c53c27f990e8ab7e47d0546584f216982d6f1f4427a6dc2,
random_frontier,6,32,True,708.9110672643005,708.9110672643005,0.0,34cef1a24a8ffbcd5c53c27f990e8ab7e47d0546584f216982d6f1f4427a6dc2,
random_frontier,6,33,True,708.9110672643005,708.9110672643005,0.0,34cef1a24a8ffbcd5c53c27f990e8ab7e47d0546584f216982d6f1f4427a6dc2,
random_frontier,6,34,True,708.9110672643005,708.9110672643005,0.0,34cef1a24a8ffbcd5c53c27f990e8ab7e47d0546584f216982d6f1f4427a6dc2,
random_frontier,6,35,True,708.9110672643005,708.9110672643005,0.0,34cef1a24a8ffbcd5c53c27f990e8ab7e47d0546584f216982d6f1f4427a6dc2,
random_frontier,6,36,True,708.9110672643005,708.9110672643005,0.0,34cef1a24a8ffbcd5c53c27f990e8ab7e47d0546584f216982d6f1f4427a6dc2,
random_frontier,6,37,True,708.9110672643005,708.9110672643005,0.0,34cef1a24a8ffbcd5c53c27f990e8ab7e47d0546584f216982d6f1f4427a6dc2,
random_frontier,6,38,True,708.9110672643005,708.9110672643005,0.0,34cef1a24a8ffbcd5c53c27f990e8ab7e47d0546584f216982d6f1f4427a6dc2,
random_frontier,6,39,True,708.9110672643005,708.9110672643005,0.0,34cef1a24a8ffbcd5c53c27f990e8ab7e47d0546584f216982d6f1f4427a6dc2,
random_frontier,6,40,True,708.9110672643005,708.9110672643005,0.0,34cef1a24a8ffbcd5c53c27f990e8ab7e47d0546584f216982d6f1f4427a6dc2,
random_frontier,6,41,True,708.9110672643005,708.9110672643005,0.0,34cef1a24a8ffbcd5c53c27f990e8ab7e47d0546584f216982d6f1f4427a6dc2,
random_frontier,6,42,True,708.9110672643005,708.9110672643005,0.0,34cef1a24a8ffbcd5c53c27f990e8ab7e47d0546584f216982d6f1f4427a6dc2,
random_frontier,6,43,True,708.9110672643005,708.9110672643005,0.0,34cef1a24a8ffbcd5c53c27f990e8ab7e47d0546584f216982d6f1f4427a6dc2,
random_frontier,6,44,True,708.9110672643005,708.9110672643005,0.0,34cef1a24a8ffbcd5c53c27f990e8ab7e47d0546584f216982d6f1f4427a6dc2,
random_frontier,6,45,True,708.9110672643005,708.9110672643005,0.0,34cef1a24a8ffbcd5c53c27f990e8ab7e47d0546584f216982d6f1f4427a6dc2,
random_frontier,6,46,True,708.9110672643005,708.9110672643005,0.0,34cef1a24a8ffbcd5c53c27f990e8ab7e47d0546584f216982d6f1f4427a6dc2,
random_frontier,6,47,True,708.9110672643005,708.9110672643005,0.0,34cef1a24a8ffbcd5c53c27f990e8ab7e47d0546584f216982d6f1f4427a6dc2,
random_frontier,6,48,True,708.9110672643005,708.9110672643005,0.0,34cef1a24a8ffbcd5c53c27f990e8ab7e47d0546584f216982d6f1f4427a6dc2,
random_frontier,6,49,True,708.9110672643005,708.9110672643005,0.0,34cef1a24a8ffbcd5c53c27f990e8ab7e47d0546584f216982d6f1f4427a6dc2,
random_frontier,6,50,True,708.9110672643005,708.9110672643005,0.0,34cef1a24a8ffbcd5c53c27f990e8ab7e47d0546584f216982d6f1f4427a6dc2,
random_frontier,6,51,True,708.9110672643005,708.9110672643005,0.0,34cef1a24a8ffbcd5c53c27f990e8ab7e47d0546584f216982d6f1f4427a6dc2,
random_frontier,6,52,True,708.9110672643005,708.9110672643005,0.0,34cef1a24a8ffbcd5c53c27f990e8ab7e47d0546584f216982d6f1f4427a6dc2,
random_frontier,6,53,True,708.9110672643005,708.9110672643005,0.0,34cef1a24a8ffbcd5c53c27f990e8ab7e47d0546584f216982d6f1f4427a6dc2,
random_frontier,6,54,True,708.9110672643005,708.9110672643005,0.0,34cef1a24a8ffbcd5c53c27f990e8ab7e47d0546584f216982d6f1f4427a6dc2,
random_frontier,6,55,True,708.9110672643005,708.9110672643005,0.0,34cef1a24a8ffbcd5c53c27f990e8ab7e47d0546584f216982d6f1f4427a6dc2,
random_frontier,6,56,True,708.9110672643005,708.9110672643005,0.0,34cef1a24a8ffbcd5c53c27f990e8ab7e47d0546584f216982d6f1f4427a6dc2,
random_frontier,6,57,True,708.9110672643005,708.9110672643005,0.0,34cef1a24a8ffbcd5c53c27f990e8ab7e47d0546584f216982d6f1f4427a6dc2,
random_frontier,6,58,True,708.9110672643005,708.9110672643005,0.0,34cef1a24a8ffbcd5c53c27f990e8ab7e47d0546584f216982d6f1f4427a6dc2,
random_frontier,6,59,True,708.9110672643005,708.9110672643005,0.0,34cef1a24a8ffbcd5c53c27f990e8ab7e47d0546584f216982d6f1f4427a6dc2,
random_frontier,6,60,True,708.9110672643005,708.9110672643005,0.0,34cef1a24a8ffbcd5c53c27f990e8ab7e47d0546584f216982d6f1f4427a6dc2,
random_frontier,6,61,True,708.9110672643005,708.9110672643005,0.0,34cef1a24a8ffbcd5c53c27f990e8ab7e47d0546584f216982d6f1f4427a6dc2,
random_frontier,6,62,True,708.9110672643005,708.9110672643005,0.0,34cef1a24a8ffbcd5c53c27f990e8ab7e47d0546584f216982d6f1f4427a6dc2,
random_frontier,6,63,True,708.9110672643005,708.9110672643005,0.0,34cef1a24a8ffbcd5c53c27f990e8ab7e47d0546584f216982d6f1f4427a6dc2,
random_frontier,6,64,True,708.9110672643005,708.9110672643005,0.0,34cef1a24a8ffbcd5c53c27f990e8ab7e47d0546584f216982d6f1f4427a6dc2,
random_frontier,6,65,True,708.9110672643005,708.9110672643005,0.0,34cef1a24a8ffbcd5c53c27f990e8ab7e47d0546584f216982d6f1f4427a6dc2,
random_frontier,6,66,True,708.9110672643005,708.9110672643005,0.0,34cef1a24a8ffbcd5c53c27f990e8ab7e47d0546584f216982d6f1f4427a6dc2,
random_frontier,6,67,True,708.9110672643005,708.9110672643005,0.0,34cef1a24a8ffbcd5c53c27f990e8ab7e47d0546584f216982d6f1f4427a6dc2,
random_frontier,6,68,True,708.9110672643005,708.9110672643005,0.0,34cef1a24a8ffbcd5c53c27f990e8ab7e47d0546584f216982d6f1f4427a6dc2,
random_frontier,6,69,True,708.9110672643005,708.9110672643005,0.0,34cef1a24a8ffbcd5c53c27f990e8ab7e47d0546584f216982d6f1f4427a6dc2,
random_frontier,6,70,True,708.9110672643005,708.9110672643005,0.0,34cef1a24a8ffbcd5c53c27f990e8ab7e47d0546584f216982d6f1f4427a6dc2,
random_frontier,6,71,True,708.9110672643005,708.9110672643005,0.0,34cef1a24a8ffbcd5c53c27f990e8ab7e47d0546584f216982d6f1f4427a6dc2,
random_frontier,6,72,True,708.9110672643005,708.9110672643005,0.0,34cef1a24a8ffbcd5c53c27f990e8ab7e47d0546584f216982d6f1f4427a6dc2,
random_frontier,6,73,True,708.9110672643005,708.9110672643005,0.0,34cef1a24a8ffbcd5c53c27f990e8ab7e47d0546584f216982d6f1f4427a6dc2,
random_frontier,6,74,True,708.9110672643005,708.9110672643005,0.0,34cef1a24a8ffbcd5c53c27f990e8ab7e47d0546584f216982d6f1f4427a6dc2,
random_frontier,6,75,True,708.9110672643005,708.9110672643005,0.0,34cef1a24a8ffbcd5c53c27f990e8ab7e47d0546584f216982d6f1f4427a6dc2,
random_frontier,6,76,True,708.9110672643005,708.9110672643005,0.0,34cef1a24a8ffbcd5c53c27f990e8ab7e47d0546584f216982d6f1f4427a6dc2,
random_frontier,6,77,True,708.9110672643005,708.9110672643005,0.0,34cef1a24a8ffbcd5c53c27f990e8ab7e47d0546584f216982d6f1f4427a6dc2,
random_frontier,6,78,True,708.9110672643005,708.9110672643005,0.0,34cef1a24a8ffbcd5c53c27f990e8ab7e47d0546584f216982d6f1f4427a6dc2,
random_frontier,6,79,True,708.9110672643005,708.9110672643005,0.0,34cef1a24a8ffbcd5c53c27f990e8ab7e47d0546584f216982d6f1f4427a6dc2,
random_frontier,6,80,True,708.9110672643005,708.9110672643005,0.0,34cef1a24a8ffbcd5c53c27f990e8ab7e47d0546584f216982d6f1f4427a6dc2,
random_frontier,6,81,True,708.9110672643005,708.9110672643005,0.0,34cef1a24a8ffbcd5c53c27f990e8ab7e47d0546584f216982d6f1f4427a6dc2,
random_frontier,6,82,True,708.9110672643005,708.9110672643005,0.0,34cef1a24a8ffbcd5c53c27f990e8ab7e47d0546584f216982d6f1f4427a6dc2,
random_frontier,6,83,True,708.9110672643005,708.9110672643005,0.0,34cef1a24a8ffbcd5c53c27f990e8ab7e47d0546584f216982d6f1f4427a6dc2,
random_frontier,6,84,True,708.9110672643005,708.9110672643005,0.0,34cef1a24a8ffbcd5c53c27f990e8ab7e47d0546584f216982d6f1f4427a6dc2,
random_frontier,6,85,True,708.9110672643005,708.9110672643005,0.0,34cef1a24a8ffbcd5c53c27f990e8ab7e47d0546584f216982d6f1f4427a6dc2,
random_frontier,6,86,True,708.9110672643005,708.9110672643005,0.0,34cef1a24a8ffbcd5c53c27f990e8ab7e47d0546584f216982d6f1f4427a6dc2,
random_frontier,6,87,True,708.9110672643005,708.9110672643005,0.0,34cef1a24a8ffbcd5c53c27f990e8ab7e47d0546584f216982d6f1f4427a6dc2,
random_frontier,6,88,True,708.9110672643005,708.9110672643005,0.0,34cef1a24a8ffbcd5c53c27f990e8ab7e47d0546584f216982d6f1f4427a6dc2,
random_frontier,6,89,True,708.9110672643005,708.9110672643005,0.0,34cef1a24a8ffbcd5c53c27f990e8ab7e47d0546584f216982d6f1f4427a6dc2,
random_frontier,6,90,True,708.9110672643005,708.9110672643005,0.0,34cef1a24a8ffbcd5c53c27f990e8ab7e47d0546584f216982d6f1f4427a6dc2,
random_frontier,6,91,True,708.9110672643005,708.9110672643005,0.0,34cef1a24a8ffbcd5c53c27f990e8ab7e47d0546584f216982d6f1f4427a6dc2,
random_frontier,6,92,True,708.9110672643005,708.9110672643005,0.0,34cef1a24a8ffbcd5c53c27f990e8ab7e47d0546584f216982d6f1f4427a6dc2,
random_frontier,6,93,True,708.9110672643005,708.9110672643005,0.0,34cef1a24a8ffbcd5c53c27f990e8ab7e47d0546584f216982d6f1f4427a6dc2,
random_frontier,6,94,True,708.9110672643005,708.9110672643005,0.0,34cef1a24a8ffbcd5c53c27f990e8ab7e47d0546584f216982d6f1f4427a6dc2,
random_frontier,6,95,True,708.9110672643005,708.9110672643005,0.0,34cef1a24a8ffbcd5c53c27f990e8ab7e47d0546584f216982d6f1f4427a6dc2,
random_frontier,6,96,True,708.9110672643005,708.9110672643005,0.0,34cef1a24a8ffbcd5c53c27f990e8ab7e47d0546584f216982d6f1f4427a6dc2,
random_frontier,6,97,True,708.9110672643005,708.9110672643005,0.0,34cef1a24a8ffbcd5c53c27f990e8ab7e47d0546584f216982d6f1f4427a6dc2,
random_frontier,6,98,True,708.9110672643005,708.9110672643005,0.0,34cef1a24a8ffbcd5c53c27f990e8ab7e47d0546584f216982d6f1f4427a6dc2,
random_frontier,6,99,True,708.9110672643005,708.9110672643005,0.0,34cef1a24a8ffbcd5c53c27f990e8ab7e47d0546584f216982d6f1f4427a6dc2,
random_frontier,7,0,True,1322.4514196191788,1322.4514196191788,0.0,2b9b184fbcfd27a51359d89063eb7effa03ed96664cdcd5c80d7a19f0e23a705,
random_frontier,7,1,True,1323.450499819875,1322.4514196191788,0.0007554759183395182,3b780759b65336da084b83d8237036c7dd834b9236f73725d247573919bf9e6f,
random_frontier,7,2,True,1322.8001952394518,1322.4514196191788,0.0002637341645211291,ad78b76a591a8859036e76215383a0bc5a2f17132226042b014b04e785b1eb12,
random_frontier,7,3,True,1323.450499819875,1322.4514196191788,0.0007554759183395182,3b780759b65336da084b83d8237036c7dd834b9236f73725d247573919bf9e6f,
random_frontier,7,4,True,1323.450499819875,1322.4514196191788,0.0007554759183395182,3b780759b65336da084b83d8237036c7dd834b9236f73725d247573919bf9e6f,
random_frontier,7,5,True,1322.5430021740385,1322.4514196191788,6.925211278168705e-05,ac57551af07b9ac0719a0899eec7c4eeedbe64f5a994e698c55a87852fb8ba66,
random_frontier,7,6,True,1322.9084903454202,1322.4514196191788,0.0003456238312126999,ef43d53abe550d0df1df2d1c02972df4e486061a17b64ebeec0cb8578635ee38,
random_frontier,7,7,True,1323.0593725924998,1322.4514196191788,0.0004597166779072549,d090615e248cc1b8c95abd9d62ff8e6bf1262514e2655dd3777ece2484d1ee68,
random_frontier,7,8,True,1323.3422990649567,1322.4514196191788,0.000673657597217823,6000be39cbf0457ecb7e58435de49c39eed85bff7673d4a3e0b7d75d5f06e06c,
random_frontier,7,9,True,1323.3251559204896,1322.4514196191788,0.0006606944409061426,de5efd5507b1cfd60b089742761ee2f9429b25828f98e0f83f26c0ec5ca0c498,
random_frontier,7,10,True,1323.0762768445634,1322.4514196191788,0.0004724991906051023,f82cb9ee9d0a5522f04bb75846518d484eb83fff7deb8cd5b644a196f66c9d99,
random_frontier,7,11,True,1322.9645672366876,1322.4514196191788,0.00038802757507462176,0019f781d50586173a20d5fd9496999db5e34be435c0f174fe3052df400b20af,
random_frontier,7,12,True,1323.0593725924998,1322.4514196191788,0.0004597166779072549,d090615e248cc1b8c95abd9d62ff8e6bf1262514e2655dd3777ece2484d1ee68,
random_frontier,7,13,True,1323.322110221813,1322.4514196191788,0.0006583913705390175,845e51ef4f101f4f1f83532d82e2186394b35878c66e3c7f3f1da76f7bec524f,
random_frontier,7,14,True,1323.0593725924998,1322.4514196191788,0.0004597166779072549,d090615e248cc1b8c95abd9d62ff8e6bf1262514e2655dd3777ece2484d1ee68,
random_frontier,7,15,True,1322.7799705747,1322.4514196191788,0.0002484408505651077,03e291b9fba4292a1386176be6b6eb3d0b83d0fbfa4539bbc8e20eb0c83b11ae,
random_frontier,7,16,True,1323.322110221813,1322.4514196191788,0.0006583913705390175,845e51ef4f101f4f1f83532d82e2186394b35878c66e3c7f3f1da76f7bec524f,
random_frontier,7,17,True,1322.9645672366876,1322.4514196191788,0.00038802757507462176,0019f781d50586173a20d5fd9496999db5e34be435c0f174fe3052df400b20af,
random_frontier,7,18,True,1323.0593725924998,1322.4514196191788,0.0004597166779072549,d090615e248cc1b8c95abd9d62ff8e6bf1262514e2655dd3777ece2484d1ee68,
random_frontier,7,19,True,1323.3251559204896,1322.4514196191788,0.0006606944409061426,de5efd5507b1cfd60b089742761ee2f9429b25828f98e0f83f26c0ec5ca0c498,
random_frontier,7,20,True,1323.450499819875,1322.4514196191788,0.0007554759183395182,3b780759b65336da084b83d8237036c7dd834b9236f73725d247573919bf9e6f,
random_frontier,7,21,True,1323.3422990649567,1322.4514196191788,0.000673657597217823,6000be39cbf0457ecb7e58435de49c39eed85bff7673d4a3e0b7d75d5f06e06c,
random_frontier,7,22,True,1322.9645672366876,1322.4514196191788,0.00038802757507462176,0019f781d50586173a20d5fd9496999db5e34be435c0f174fe3052df400b20af,
random_frontier,7,23,True,1323.0593725924998,1322.4514196191788,0.0004597166779072549,d090615e248cc1b8c95abd9d62ff8e6bf1262514e2655dd3777ece2484d1ee68,
random_frontier,7,24,True,1322.8135615448018,1322.4514196191788,0.00027384138294270834,f0cf8ee2ce1c16da8d495e49c532e523074f32f29e742eec6d8e5d6987d8c579,
random_frontier,7,25,True,1323.230589457081,1322.4514196191788,0.0005891859816873424,a46340e25e4e2c6d916abd00bfc0732ab6435c88fe2f3b72df353f161525521c,
random_frontier,7,26,True,1323.322110221813,1322.4514196191788,0.0006583913705390175,845e51ef4f101f4f1f83532d82e2186394b35878c66e3c7f3f1da76f7bec524f,
random_frontier,7,27,True,1323.0560880014198,1322.4514196191788,0.00045723296392629676,9b14eb0cee4fd58570bdfd5b87f2ca9bf86faf04fcfdaf6cb968f0c60c5826ad,
random_frontier,7,28,True,1323.450499819875,1322.4514196191788,0.0007554759183395182,3b780759b65336da084b83d8237036c7dd834b9236f73725d247573919bf9e6f,
random_frontier,7,29,True,1323.0593725924998,1322.4514196191788,0.0004597166779072549,d090615e248cc1b8c95abd9d62ff8e6bf1262514e2655dd3777ece2484d1ee68,
random_frontier,7,30,True,1323.450499819875,1322.4514196191788,0.0007554759183395182,3b780759b65336da084b83d8237036c7dd834b9236f73725d247573919bf9e6f,
random_frontier,7,31,True,1323.450499819875,1322.4514196191788,0.0007554759183395182,3b780759b65336da084b83d8237036c7dd834b9236f73725d247573919bf9e6f,
random_frontier,7,32,True,1322.671521944759,1322.4514196191788,0.00016643509342945118,f9cddb9b403f8bea7ea543c4589ee9c4a2891cbccab15c93769eee7df1bd9965,
random_frontier,7,33,True,1323.0593725924998,1322.4514196191788,0.0004597166779072549,d090615e248cc1b8c95abd9d62ff8e6bf1262514e2655dd3777ece2484d1ee68,
random_frontier,7,34,True,1323.0593725924998,1322.4514196191788,0.0004597166779072549,d090615e248cc1b8c95abd9d62ff8e6bf1262514e2655dd3777ece2484d1ee68,
random_frontier,7,35,True,1322.5632268387903,1322.4514196191788,8.454542673770843e-05,79eb1f2db5b5ce910addeb200fb18b0a56d4b96957e58c24a78fedc5e8458400,
random_frontier,7,36,True,1323.3422990649567,1322.4514196191788,0.000673657597217823,6000be39cbf0457ecb7e58435de49c39eed85bff7673d4a3e0b7d75d5f06e06c,
random_frontier,7,37,True,1323.0593725924998,1322.4514196191788,0.0004597166779072549,d090615e248cc1b8c95abd9d62ff8e6bf1262514e2655dd3777ece2484d1ee68,
random_frontier,7,38,True,1323.3251559204896,1322.4514196191788,0.0006606944409061426,de5efd5507b1cfd60b089742761ee2f9429b25828f98e0f83f26c0ec5ca0c498,
random_frontier,7,39,True,1322.5763872454152,1322.4514196191788,9.449695042287325e-05,8fca920ec53231ff3424c155d99b020e2d5d3234ad009382433a0f5bbe5a2f07,
random_frontier,7,40,True,1322.8001952394518,1322.4514196191788,0.0002637341645211291,ad78b76a591a8859036e76215383a0bc5a2f17132226042b014b04e785b1eb12,
random_frontier,7,41,True,1322.4514196191788,1322.4514196191788,0.0,2b9b184fbcfd27a51359d89063eb7effa03ed96664cdcd5c80d7a19f0e23a705,
random_frontier,7,42,True,1323.450499819875,1322.4514196191788,0.0007554759183395182,3b780759b65336da084b83d8237036c7dd834b9236f73725d247573919bf9e6f,
random_frontier,7,43,True,1323.450499819875,1322.4514196191788,0.0007554759183395182,3b780759b65336da084b83d8237036c7dd834b9236f73725d247573919bf9e6f,
random_frontier,7,44,True,1322.9510774865312,1322.4514196191788,0.0003778270112155122,a9391be510a2f4f7803cced1b07c08ab6a62873eec4e367e167c47a1b943ca7a,
random_frontier,7,45,True,1323.3422990649567,1322.4514196191788,0.000673657597217823,6000be39cbf0457ecb7e58435de49c39eed85bff7673d4a3e0b7d75d5f06e06c,
random_frontier,7,46,True,1323.450499819875,1322.4514196191788,0.0007554759183395182,3b780759b65336da084b83d8237036c7dd834b9236f73725d247573919bf9e6f,
random_frontier,7,47,True,1322.4514196191788,1322.4514196191788,0.0,2b9b184fbcfd27a51359d89063eb7effa03ed96664cdcd5c80d7a19f0e23a705,
random_frontier,7,48,True,1322.9084903454202,1322.4514196191788,0.0003456238312126999,ef43d53abe550d0df1df2d1c02972df4e486061a17b64ebeec0cb8578635ee38,
random_frontier,7,49,True,1323.322110221813,1322.4514196191788,0.0006583913705390175,845e51ef4f101f4f1f83532d82e2186394b35878c66e3c7f3f1da76f7bec524f,
random_frontier,7,50,True,1323.3251559204896,1322.4514196191788,0.0006606944409061426,de5efd5507b1cfd60b089742761ee2f9429b25828f98e0f83f26c0ec5ca0c498,
random_frontier,7,51,True,1323.450499819875,1322.4514196191788,0.0007554759183395182,3b780759b65336da084b83d8237036c7dd834b9236f73725d247573919bf9e6f,
random_frontier,7,52,True,1323.3422990649567,1322.4514196191788,0.000673657597217823,6000be39cbf0457ecb7e58435de49c39eed85bff7673d4a3e0b7d75d5f06e06c,
random_frontier,7,53,True,1323.3422990649567,1322.4514196191788,0.000673657597217823,6000be39cbf0457ecb7e58435de49c39eed85bff7673d4a3e0b7d75d5f06e06c,
random_frontier,7,54,True,1323.0593725924998,1322.4514196191788,0.0004597166779072549,d090615e248cc1b8c95abd9d62ff8e6bf1262514e2655dd3777ece2484d1ee68,
random_frontier,7,55,True,1323.0593725924998,1322.4514196191788,0.0004597166779072549,d090615e248cc1b8c95abd9d62ff8e6bf1262514e2655dd3777ece2484d1ee68,
random_frontier,7,56,True,1323.450499819875,1322.4514196191788,0.0007554759183395182,3b780759b65336da084b83d8237036c7dd834b9236f73725d247573919bf9e6f,
random_frontier,7,57,True,1323.3251559204896,1322.4514196191788,0.0006606944409061426,de5efd5507b1cfd60b089742761ee2f9429b25828f98e0f83f26c0ec5ca0c498,
random_frontier,7,58,True,1322.5763872454152,1322.4514196191788,9.449695042287325e-05,8fca920ec53231ff3424c155d99b020e2d5d3234ad009382433a0f5bbe5a2f07,
random_frontier,7,59,True,1323.450499819875,1322.4514196191788,0.0007554759183395182,3b780759b65336da084b83d8237036c7dd834b9236f73725d247573919bf9e6f,
random_frontier,7,60,True,1322.5632268387903,1322.4514196191788,8.454542673770843e-05,79eb1f2db5b5ce910addeb200fb18b0a56d4b96957e58c24a78fedc5e8458400,
random_frontier,7,61,True,1323.0762768445634,1322.4514196191788,0.0004724991906051023,f82cb9ee9d0a5522f04bb75846518d484eb83fff7deb8cd5b644a196f66c9d99,
random_frontier,7,62,True,1323.450499819875,1322.4514196191788,0.0007554759183395182,3b780759b65336da084b83d8237036c7dd834b9236f73725d247573919bf9e6f,
random_frontier,7,63,True,1323.450499819875,1322.4514196191788,0.0007554759183395182,3b780759b65336da084b83d8237036c7dd834b9236f73725d247573919bf9e6f,
random_frontier,7,64,True,1323.0593725924998,1322.4514196191788,0.0004597166779072549,d090615e248cc1b8c95abd9d62ff8e6bf1262514e2655dd3777ece2484d1ee68,
random_frontier,7,65,True,1322.5632268387903,1322.4514196191788,8.454542673770843e-05,79eb1f2db5b5ce910addeb200fb18b0a56d4b96957e58c24a78fedc5e8458400,
random_frontier,7,66,True,1323.0593725924998,1322.4514196191788,0.0004597166779072549,d090615e248cc1b8c95abd9d62ff8e6bf1262514e2655dd3777ece2484d1ee68,
random_frontier,7,67,True,1323.0560880014198,1322.4514196191788,0.00045723296392629676,9b14eb0cee4fd58570bdfd5b87f2ca9bf86faf04fcfdaf6cb968f0c60c5826ad,
random_frontier,7,68,True,1323.0593725924998,1322.4514196191788,0.0004597166779072549,d090615e248cc1b8c95abd9d62ff8e6bf1262514e2655dd3777ece2484d1ee68,
random_frontier,7,69,True,1322.5430021740385,1322.4514196191788,6.925211278168705e-05,ac57551af07b9ac0719a0899eec7c4eeedbe64f5a994e698c55a87852fb8ba66,
random_frontier,7,70,True,1323.3251559204896,1322.4514196191788,0.0006606944409061426,de5efd5507b1cfd60b089742761ee2f9429b25828f98e0f83f26c0ec5ca0c498,
random_frontier,7,71,True,1323.0560880014198,1322.4514196191788,0.00045723296392629676,9b14eb0cee4fd58570bdfd5b87f2ca9bf86faf04fcfdaf6cb968f0c60c5826ad,
random_frontier,7,72,True,1322.905082309534,1322.4514196191788,0.0003430467717943834,769f45742abf42a222a23a30885cea9f1a680d646526da8793bcc465fe1a6e0d,
random_frontier,7,73,True,1322.671521944759,1322.4514196191788,0.00016643509342945118,f9cddb9b403f8bea7ea543c4589ee9c4a2891cbccab15c93769eee7df1bd9965,
random_frontier,7,74,True,1322.8001952394518,1322.4514196191788,0.0002637341645211291,ad78b76a591a8859036e76215383a0bc5a2f17132226042b014b04e785b1eb12,
random_frontier,7,75,True,1323.322110221813,1322.4514196191788,0.0006583913705390175,845e51ef4f101f4f1f83532d82e2186394b35878c66e3c7f3f1da76f7bec524f,
random_frontier,7,76,True,1323.322110221813,1322.4514196191788,0.0006583913705390175,845e51ef4f101f4f1f83532d82e2186394b35878c66e3c7f3f1da76f7bec524f,
random_frontier,7,77,True,1322.5632268387903,1322.4514196191788,8.454542673770843e-05,79eb1f2db5b5ce910addeb200fb18b0a56d4b96957e58c24a78fedc5e8458400,
random_frontier,7,78,True,1323.450499819875,1322.4514196191788,0.0007554759183395182,3b780759b65336da084b83d8237036c7dd834b9236f73725d247573919bf9e6f,
random_frontier,7,79,True,1323.450499819875,1322.4514196191788,0.0007554759183395182,3b780759b65336da084b83d8237036c7dd834b9236f73725d247573919bf9e6f,
random_frontier,7,80,True,1323.0762768445634,1322.4514196191788,0.0004724991906051023,f82cb9ee9d0a5522f04bb75846518d484eb83fff7deb8cd5b644a196f66c9d99,
random_frontier,7,81,True,1322.9510774865312,1322.4514196191788,0.0003778270112155122,a9391be510a2f4f7803cced1b07c08ab6a62873eec4e367e167c47a1b943ca7a,
random_frontier,7,82,True,1322.9084903454202,1322.4514196191788,0.0003456238312126999,ef43d53abe550d0df1df2d1c02972df4e486061a17b64ebeec0cb8578635ee38,
random_frontier,7,83,True,1322.5632268387903,1322.4514196191788,8.454542673770843e-05,79eb1f2db5b5ce910addeb200fb18b0a56d4b96957e58c24a78fedc5e8458400,
random_frontier,7,84,True,1322.8001952394518,1322.4514196191788,0.0002637341645211291,ad78b76a591a8859036e76215383a0bc5a2f17132226042b014b04e785b1eb12,
random_frontier,7,85,True,1322.5632268387903,1322.4514196191788,8.454542673770843e-05,79eb1f2db5b5ce910addeb200fb18b0a56d4b96957e58c24a78fedc5e8458400,
random_frontier,7,86,True,1323.450499819875,1322.4514196191788,0.0007554759183395182,3b780759b65336da084b83d8237036c7dd834b9236f73725d247573919bf9e6f,
random_frontier,7,87,True,1323.0593725924998,1322.4514196191788,0.0004597166779072549,d090615e248cc1b8c95abd9d62ff8e6bf1262514e2655dd3777ece2484d1ee68,
random_frontier,7,88,True,1323.0593725924998,1322.4514196191788,0.0004597166779072549,d090615e248cc1b8c95abd9d62ff8e6bf1262514e2655dd3777ece2484d1ee68,
random_frontier,7,89,True,1323.450499819875,1322.4514196191788,0.0007554759183395182,3b780759b65336da084b83d8237036c7dd834b9236f73725d247573919bf9e6f,
random_frontier,7,90,True,1322.4514196191788,1322.4514196191788,0.0,2b9b184fbcfd27a51359d89063eb7effa03ed96664cdcd5c80d7a19f0e23a705,
random_frontier,7,91,True,1322.9510774865312,1322.4514196191788,0.0003778270112155122,a9391be510a2f4f7803cced1b07c08ab6a62873eec4e367e167c47a1b943ca7a,
random_frontier,7,92,True,1323.3422990649567,1322.4514196191788,0.000673657597217823,6000be39cbf0457ecb7e58435de49c39eed85bff7673d4a3e0b7d75d5f06e06c,
random_frontier,7,93,True,1322.8001952394518,1322.4514196191788,0.0002637341645211291,ad78b76a591a8859036e76215383a0bc5a2f17132226042b014b04e785b1eb12,
random_frontier,7,94,True,1323.322110221813,1322.4514196191788,0.0006583913705390175,845e51ef4f101f4f1f83532d82e2186394b35878c66e3c7f3f1da76f7bec524f,
random_frontier,7,95,True,1323.450499819875,1322.4514196191788,0.0007554759183395182,3b780759b65336da084b83d8237036c7dd834b9236f73725d247573919bf9e6f,
random_frontier,7,96,True,1323.450499819875,1322.4514196191788,0.0007554759183395182,3b780759b65336da084b83d8237036c7dd834b9236f73725d247573919bf9e6f,
random_frontier,7,97,True,1323.3422990649567,1322.4514196191788,0.000673657597217823,6000be39cbf0457ecb7e58435de49c39eed85bff7673d4a3e0b7d75d5f06e06c,
random_frontier,7,98,True,1322.9084903454202,1322.4514196191788,0.0003456238312126999,ef43d53abe550d0df1df2d1c02972df4e486061a17b64ebeec0cb8578635ee38,
random_frontier,7,99,True,1323.3251559204896,1322.4514196191788,0.0006606944409061426,de5efd5507b1cfd60b089742761ee2f9429b25828f98e0f83f26c0ec5ca0c498,
random_frontier,12,0,True,1790.5442593892249,1789.5451791885284,0.0005582872186269475,f9f20c69d0cba1a0cb2f026cb34eeb5807464d7ca3df9fc1c181d3d41d25753e,
random_frontier,12,1,True,1790.044837055881,1789.5451791885284,0.00027920941765729735,ab41e6bccc0704cf1954c2df32a89262ab4f42d7bb2efa25acc78dbeebbe323a,
random_frontier,12,2,True,1790.3243490264308,1789.5451791885284,0.00043540104321685157,731c5a144fa756a3134884aaaf88c1110a50b03da823e4082b7bdc3bbd23fc3b,
random_frontier,12,3,True,1790.0022499147703,1789.5451791885284,0.0002554116719473763,4253a0138f60273908d4f0d136f17b5b28b9ca4851a86699db63c89aac643b52,
random_frontier,12,4,True,1790.5442593892249,1789.5451791885284,0.0005582872186269475,f9f20c69d0cba1a0cb2f026cb34eeb5807464d7ca3df9fc1c181d3d41d25753e,
random_frontier,12,5,True,1790.5442593892249,1789.5451791885284,0.0005582872186269475,f9f20c69d0cba1a0cb2f026cb34eeb5807464d7ca3df9fc1c181d3d41d25753e,
random_frontier,12,6,True,1790.4158697911632,1789.5451791885284,0.00048654295670233423,0487a966ad26ca29ed7c77d519e7013963cc4e87b23ea317f7c51941dfc98212,
random_frontier,12,7,True,1789.6569864081405,1789.5451791885284,6.247800888868626e-05,b1b5bf49c8605ff8510bf5d28dd12b9e451e68f0ee9f322ff08b5d287ba8450c,
random_frontier,12,8,True,1790.5442593892249,1789.5451791885284,0.0005582872186269475,f9f20c69d0cba1a0cb2f026cb34eeb5807464d7ca3df9fc1c181d3d41d25753e,
random_frontier,12,9,True,1790.0583268060375,1789.5451791885284,0.00028674750628075,d3eabd0af524c643e1e31ce1673ab9e901bab2eabf5f39aa3d1c3ec8f8523efa,
random_frontier,12,10,True,1790.4189154898395,1789.5451791885284,0.0004882448967883852,547d07effdf7177600b8301d941c4347a9321aedf442ac57bebbe80a177bc54e,
random_frontier,12,11,True,1789.765281514109,1789.5451791885284,0.00012299344444618125,02349afc6af25c70d9688939226a11ecccd24712860778032646874f0166db10,
random_frontier,12,12,True,1790.1700364139133,1789.5451791885284,0.00034917096961374297,eeb00a00955ddf0f84c038f7bffe812dc77d6f40eea5664ea2b6b4deb732e9e5,
random_frontier,12,13,True,1790.5442593892249,1789.5451791885284,0.0005582872186269475,f9f20c69d0cba1a0cb2f026cb34eeb5807464d7ca3df9fc1c181d3d41d25753e,
random_frontier,12,14,True,1790.044837055881,1789.5451791885284,0.00027920941765729735,ab41e6bccc0704cf1954c2df32a89262ab4f42d7bb2efa25acc78dbeebbe323a,
random_frontier,12,15,True,1790.5442593892249,1789.5451791885284,0.0005582872186269475,f9f20c69d0cba1a0cb2f026cb34eeb5807464d7ca3df9fc1c181d3d41d25753e,
random_frontier,12,16,True,1790.4189154898395,1789.5451791885284,0.0004882448967883852,547d07effdf7177600b8301d941c4347a9321aedf442ac57bebbe80a177bc54e,
random_frontier,12,17,True,1789.8939548088017,1789.5451791885284,0.00019489623638975425,5ff1ed769de6be737d81d8409197d7cdb597e4ee61acb28f61a2392029a2c34c,
random_frontier,12,18,True,1789.9988418788841,1789.5451791885284,0.0002535072573923098,cca8b3956b58d51616ce66ffd1729d2b6d6bb85f0be7d068d9cf934eb5f5c5f6,
random_frontier,12,19,True,1790.1531321618497,1789.5451791885284,0.00033972485321491936,f1ed14bda2ad9c62aafba8645893a072776831e35cc5c43b63db4cd66d99d246,
random_frontier,12,20,True,1790.5442593892249,1789.5451791885284,0.0005582872186269475,f9f20c69d0cba1a0cb2f026cb34eeb5807464d7ca3df9fc1c181d3d41d25753e,
random_frontier,12,21,True,1790.4189154898395,1789.5451791885284,0.0004882448967883852,547d07effdf7177600b8301d941c4347a9321aedf442ac57bebbe80a177bc54e,
random_frontier,12,22,True,1790.0022499147703,1789.5451791885284,0.0002554116719473763,4253a0138f60273908d4f0d136f17b5b28b9ca4851a86699db63c89aac643b52,
random_frontier,12,23,True,1790.4360586343068,1789.5451791885284,0.0004978245065499716,ab12ee075e96914d03aeb2f29b1edc6f6af802154b5cac71401f8beb7dff7dc2,
random_frontier,12,24,True,1790.4158697911632,1789.5451791885284,0.00048654295670233423,0487a966ad26ca29ed7c77d519e7013963cc4e87b23ea317f7c51941dfc98212,
random_frontier,12,25,True,1789.907321114152,1789.5451791885284,0.00020236534390695422,6a2e3faf1180b8a243201b952d6679904ad4126d306dd637cbf616ad6e283091,
random_frontier,12,26,True,1789.5451791885287,1789.5451791885284,0.0,4f1f407635a2da42d74866f55d650501f78a59ec6dc8c572090635f6a8b471dd,
random_frontier,12,27,True,1790.3243490264308,1789.5451791885284,0.00043540104321685157,731c5a144fa756a3134884aaaf88c1110a50b03da823e4082b7bdc3bbd23fc3b,
random_frontier,12,28,True,1790.1531321618497,1789.5451791885284,0.00033972485321491936,f1ed14bda2ad9c62aafba8645893a072776831e35cc5c43b63db4cd66d99d246,
random_frontier,12,29,True,1790.4189154898395,1789.5451791885284,0.0004882448967883852,547d07effdf7177600b8301d941c4347a9321aedf442ac57bebbe80a177bc54e,
random_frontier,12,30,True,1790.5442593892249,1789.5451791885284,0.0005582872186269475,f9f20c69d0cba1a0cb2f026cb34eeb5807464d7ca3df9fc1c181d3d41d25753e,
random_frontier,12,31,True,1789.6569864081405,1789.5451791885284,6.247800888868626e-05,b1b5bf49c8605ff8510bf5d28dd12b9e451e68f0ee9f322ff08b5d287ba8450c,
random_frontier,12,32,True,1789.907321114152,1789.5451791885284,0.00020236534390695422,6a2e3faf1180b8a243201b952d6679904ad4126d306dd637cbf616ad6e283091,
random_frontier,12,33,True,1789.87373014405,1789.5451791885284,0.00018359466938433605,d8a24198b51d61f473af0c0ba08fc6a929d8b32aaa0a1031525db923d9ee49b1,
random_frontier,12,34,True,1790.0583268060375,1789.5451791885284,0.00028674750628075,d3eabd0af524c643e1e31ce1673ab9e901bab2eabf5f39aa3d1c3ec8f8523efa,
random_frontier,12,35,True,1790.4189154898395,1789.5451791885284,0.0004882448967883852,547d07effdf7177600b8301d941c4347a9321aedf442ac57bebbe80a177bc54e,
random_frontier,12,36,True,1790.4189154898395,1789.5451791885284,0.0004882448967883852,547d07effdf7177600b8301d941c4347a9321aedf442ac57bebbe80a177bc54e,
random_frontier,12,37,True,1790.4189154898395,1789.5451791885284,0.0004882448967883852,547d07effdf7177600b8301d941c4347a9321aedf442ac57bebbe80a177bc54e,
random_frontier,12,38,True,1790.5442593892249,1789.5451791885284,0.0005582872186269475,f9f20c69d0cba1a0cb2f026cb34eeb5807464d7ca3df9fc1c181d3d41d25753e,
random_frontier,12,39,True,1789.765281514109,1789.5451791885284,0.00012299344444618125,02349afc6af25c70d9688939226a11ecccd24712860778032646874f0166db10,
random_frontier,12,40,True,1790.0022499147703,1789.5451791885284,0.0002554116719473763,4253a0138f60273908d4f0d136f17b5b28b9ca4851a86699db63c89aac643b52,
random_frontier,12,41,True,1789.5451791885287,1789.5451791885284,0.0,4f1f407635a2da42d74866f55d650501f78a59ec6dc8c572090635f6a8b471dd,
random_frontier,12,42,True,1789.8939548088017,1789.5451791885284,0.00019489623638975425,5ff1ed769de6be737d81d8409197d7cdb597e4ee61acb28f61a2392029a2c34c,
random_frontier,12,43,True,1790.4189154898395,1789.5451791885284,0.0004882448967883852,547d07effdf7177600b8301d941c4347a9321aedf442ac57bebbe80a177bc54e,
random_frontier,12,44,True,1790.1498475707697,1789.5451791885284,0.00033788941976610557,e30bac7c74e0db1f3219412bf1d38bdb54f8339f894d7e33047d49042d061825,
random_frontier,12,45,True,1789.765281514109,1789.5451791885284,0.00012299344444618125,02349afc6af25c70d9688939226a11ecccd24712860778032646874f0166db10,
random_frontier,12,46,True,1790.4360586343068,1789.5451791885284,0.0004978245065499716,ab12ee075e96914d03aeb2f29b1edc6f6af802154b5cac71401f8beb7dff7dc2,
random_frontier,12,47,True,1789.5451791885287,1789.5451791885284,0.0,4f1f407635a2da42d74866f55d650501f78a59ec6dc8c572090635f6a8b471dd,
random_frontier,12,48,True,1790.5442593892249,1789.5451791885284,0.0005582872186269475,f9f20c69d0cba1a0cb2f026cb34eeb5807464d7ca3df9fc1c181d3d41d25753e,
random_frontier,12,49,True,1790.0583268060375,1789.5451791885284,0.00028674750628075,d3eabd0af524c643e1e31ce1673ab9e901bab2eabf5f39aa3d1c3ec8f8523efa,
random_frontier,12,50,True,1790.1700364139133,1789.5451791885284,0.00034917096961374297,eeb00a00955ddf0f84c038f7bffe812dc77d6f40eea5664ea2b6b4deb732e9e5,
random_frontier,12,51,True,1790.5442593892249,1789.5451791885284,0.0005582872186269475,f9f20c69d0cba1a0cb2f026cb34eeb5807464d7ca3df9fc1c181d3d41d25753e,
random_frontier,12,52,True,1790.4158697911632,1789.5451791885284,0.00048654295670233423,0487a966ad26ca29ed7c77d519e7013963cc4e87b23ea317f7c51941dfc98212,
random_frontier,12,53,True,1790.0583268060375,1789.5451791885284,0.00028674750628075,d3eabd0af524c643e1e31ce1673ab9e901bab2eabf5f39aa3d1c3ec8f8523efa,
random_frontier,12,54,True,1789.6367617433887,1789.5451791885284,5.117644188326807e-05,706007f26cc774de801f517473e25b10d778e1dcd83c68d5b2d71813bab428ce,
random_frontier,12,55,True,1790.5442593892249,1789.5451791885284,0.0005582872186269475,f9f20c69d0cba1a0cb2f026cb34eeb5807464d7ca3df9fc1c181d3d41d25753e,
random_frontier,12,56,True,1790.4360586343068,1789.5451791885284,0.0004978245065499716,ab12ee075e96914d03aeb2f29b1edc6f6af802154b5cac71401f8beb7dff7dc2,
random_frontier,12,57,True,1790.4189154898395,1789.5451791885284,0.0004882448967883852,547d07effdf7177600b8301d941c4347a9321aedf442ac57bebbe80a177bc54e,
random_frontier,12,58,True,1790.3243490264308,1789.5451791885284,0.00043540104321685157,731c5a144fa756a3134884aaaf88c1110a50b03da823e4082b7bdc3bbd23fc3b,
random_frontier,12,59,True,1790.5442593892249,1789.5451791885284,0.0005582872186269475,f9f20c69d0cba1a0cb2f026cb34eeb5807464d7ca3df9fc1c181d3d41d25753e,
random_frontier,12,60,True,1790.1531321618497,1789.5451791885284,0.00033972485321491936,f1ed14bda2ad9c62aafba8645893a072776831e35cc5c43b63db4cd66d99d246,
random_frontier,12,61,True,1790.4360586343068,1789.5451791885284,0.0004978245065499716,ab12ee075e96914d03aeb2f29b1edc6f6af802154b5cac71401f8beb7dff7dc2,
random_frontier,12,62,True,1789.8939548088017,1789.5451791885284,0.00019489623638975425,5ff1ed769de6be737d81d8409197d7cdb597e4ee61acb28f61a2392029a2c34c,
random_frontier,12,63,True,1790.3243490264308,1789.5451791885284,0.00043540104321685157,731c5a144fa756a3134884aaaf88c1110a50b03da823e4082b7bdc3bbd23fc3b,
random_frontier,12,64,True,1790.4360586343068,1789.5451791885284,0.0004978245065499716,ab12ee075e96914d03aeb2f29b1edc6f6af802154b5cac71401f8beb7dff7dc2,
random_frontier,12,65,True,1789.765281514109,1789.5451791885284,0.00012299344444618125,02349afc6af25c70d9688939226a11ecccd24712860778032646874f0166db10,
random_frontier,12,66,True,1790.4189154898395,1789.5451791885284,0.0004882448967883852,547d07effdf7177600b8301d941c4347a9321aedf442ac57bebbe80a177bc54e,
random_frontier,12,67,True,1790.4189154898395,1789.5451791885284,0.0004882448967883852,547d07effdf7177600b8301d941c4347a9321aedf442ac57bebbe80a177bc54e,
random_frontier,12,68,True,1790.5442593892249,1789.5451791885284,0.0005582872186269475,f9f20c69d0cba1a0cb2f026cb34eeb5807464d7ca3df9fc1c181d3d41d25753e,
random_frontier,12,69,True,1789.765281514109,1789.5451791885284,0.00012299344444618125,02349afc6af25c70d9688939226a11ecccd24712860778032646874f0166db10,
random_frontier,12,70,True,1790.5442593892249,1789.5451791885284,0.0005582872186269475,f9f20c69d0cba1a0cb2f026cb34eeb5807464d7ca3df9fc1c181d3d41d25753e,
random_frontier,12,71,True,1789.765281514109,1789.5451791885284,0.00012299344444618125,02349afc6af25c70d9688939226a11ecccd24712860778032646874f0166db10,
random_frontier,12,72,True,1790.4189154898395,1789.5451791885284,0.0004882448967883852,547d07effdf7177600b8301d941c4347a9321aedf442ac57bebbe80a177bc54e,
random_frontier,12,73,True,1790.1531321618497,1789.5451791885284,0.00033972485321491936,f1ed14bda2ad9c62aafba8645893a072776831e35cc5c43b63db4cd66d99d246,
random_frontier,12,74,True,1790.5442593892249,1789.5451791885284,0.0005582872186269475,f9f20c69d0cba1a0cb2f026cb34eeb5807464d7ca3df9fc1c181d3d41d25753e,
random_frontier,12,75,True,1790.5442593892249,1789.5451791885284,0.0005582872186269475,f9f20c69d0cba1a0cb2f026cb34eeb5807464d7ca3df9fc1c181d3d41d25753e,
random_frontier,12,76,True,1789.6367617433887,1789.5451791885284,5.117644188326807e-05,706007f26cc774de801f517473e25b10d778e1dcd83c68d5b2d71813bab428ce,
random_frontier,12,77,True,1790.5442593892249,1789.5451791885284,0.0005582872186269475,f9f20c69d0cba1a0cb2f026cb34eeb5807464d7ca3df9fc1c181d3d41d25753e,
random_frontier,12,78,True,1790.5442593892249,1789.5451791885284,0.0005582872186269475,f9f20c69d0cba1a0cb2f026cb34eeb5807464d7ca3df9fc1c181d3d41d25753e,
random_frontier,12,79,True,1789.9988418788841,1789.5451791885284,0.0002535072573923098,cca8b3956b58d51616ce66ffd1729d2b6d6bb85f0be7d068d9cf934eb5f5c5f6,
random_frontier,12,80,True,1790.4360586343068,1789.5451791885284,0.0004978245065499716,ab12ee075e96914d03aeb2f29b1edc6f6af802154b5cac71401f8beb7dff7dc2,
random_frontier,12,81,True,1790.1700364139133,1789.5451791885284,0.00034917096961374297,eeb00a00955ddf0f84c038f7bffe812dc77d6f40eea5664ea2b6b4deb732e9e5,
random_frontier,12,82,True,1790.5442593892249,1789.5451791885284,0.0005582872186269475,f9f20c69d0cba1a0cb2f026cb34eeb5807464d7ca3df9fc1c181d3d41d25753e,
random_frontier,12,83,True,1789.765281514109,1789.5451791885284,0.00012299344444618125,02349afc6af25c70d9688939226a11ecccd24712860778032646874f0166db10,
random_frontier,12,84,True,1790.4189154898395,1789.5451791885284,0.0004882448967883852,547d07effdf7177600b8301d941c4347a9321aedf442ac57bebbe80a177bc54e,
random_frontier,12,85,True,1789.765281514109,1789.5451791885284,0.00012299344444618125,02349afc6af25c70d9688939226a11ecccd24712860778032646874f0166db10,
random_frontier,12,86,True,1789.765281514109,1789.5451791885284,0.00012299344444618125,02349afc6af25c70d9688939226a11ecccd24712860778032646874f0166db10,
random_frontier,12,87,True,1790.1498475707697,1789.5451791885284,0.00033788941976610557,e30bac7c74e0db1f3219412bf1d38bdb54f8339f894d7e33047d49042d061825,
random_frontier,12,88,True,1790.5442593892249,1789.5451791885284,0.0005582872186269475,f9f20c69d0cba1a0cb2f026cb34eeb5807464d7ca3df9fc1c181d3d41d25753e,
random_frontier,12,89,True,1790.0583268060375,1789.5451791885284,0.00028674750628075,d3eabd0af524c643e1e31ce1673ab9e901bab2eabf5f39aa3d1c3ec8f8523efa,
random_frontier,12,90,True,1790.4189154898395,1789.5451791885284,0.0004882448967883852,547d07effdf7177600b8301d941c4347a9321aedf442ac57bebbe80a177bc54e,
random_frontier,12,91,True,1790.5442593892249,1789.5451791885284,0.0005582872186269475,f9f20c69d0cba1a0cb2f026cb34eeb5807464d7ca3df9fc1c181d3d41d25753e,
random_frontier,12,92,True,1789.8939548088017,1789.5451791885284,0.00019489623638975425,5ff1ed769de6be737d81d8409197d7cdb597e4ee61acb28f61a2392029a2c34c,
random_frontier,12,93,True,1789.907321114152,1789.5451791885284,0.00020236534390695422,6a2e3faf1180b8a243201b952d6679904ad4126d306dd637cbf616ad6e283091,
random_frontier,12,94,True,1790.4189154898395,1789.5451791885284,0.0004882448967883852,547d07effdf7177600b8301d941c4347a9321aedf442ac57bebbe80a177bc54e,
random_frontier,12,95,True,1790.044837055881,1789.5451791885284,0.00027920941765729735,ab41e6bccc0704cf1954c2df32a89262ab4f42d7bb2efa25acc78dbeebbe323a,
random_frontier,12,96,True,1790.4360586343068,1789.5451791885284,0.0004978245065499716,ab12ee075e96914d03aeb2f29b1edc6f6af802154b5cac71401f8beb7dff7dc2,
random_frontier,12,97,True,1790.1531321618497,1789.5451791885284,0.00033972485321491936,f1ed14bda2ad9c62aafba8645893a072776831e35cc5c43b63db4cd66d99d246,
random_frontier,12,98,True,1790.0022499147703,1789.5451791885284,0.0002554116719473763,4253a0138f60273908d4f0d136f17b5b28b9ca4851a86699db63c89aac643b52,
random_frontier,12,99,True,1790.0022499147703,1789.5451791885284,0.0002554116719473763,4253a0138f60273908d4f0d136f17b5b28b9ca4851a86699db63c89aac643b52,
random_frontier,18,0,True,2499.863540725577,2499.402241030157,0.00018456400808460361,5887877c58c08cbd78c75e052df8bd4c0fcf31618459496afac77509e0b0dc81,
random_frontier,18,1,True,2500.1093517732747,2499.402241030157,0.00028291194250769873,f0f481c7ac87b1ee1df0ab2be7ecd958dd3eb003e35bd6c7c7b99a8aa8f51b64,
random_frontier,18,2,True,2499.6223433557375,2499.402241030157,8.806198616912716e-05,7a0e03ac551b23efc284f96f5682eadc3fcc1dbf07836bb848a677401c93d8bb,
random_frontier,18,3,True,2499.6223433557375,2499.402241030157,8.806198616912716e-05,7a0e03ac551b23efc284f96f5682eadc3fcc1dbf07836bb848a677401c93d8bb,
random_frontier,18,4,True,2500.4013212308532,2499.402241030157,0.0003997276565954601,ac5dd5c4c9c2b0d0985e81536fb5dc771546e42b0fa750faf1c36f5a49314079,
random_frontier,18,5,True,2500.293120475935,2499.402241030157,0.00035643700367781687,eed8fdc6dc904fc0027daad9cef5fd03635ab29280953a6a3bbe578742733e1a,
random_frontier,18,6,True,2500.50047900065,2499.402241030157,0.0004394002503737253,cca14fffa017ce01279be215644c4e7f51f0c82179202685c36c082f56b87788,
random_frontier,18,7,True,2500.275977331468,2499.402241030157,0.00034957810590380804,a4d4e8c4ce8c24baa97112938c5a547c86a0e5100ca7e1dab329af88b11dbbb4,
random_frontier,18,8,True,2500.1093517732747,2499.402241030157,0.00028291194250769873,f0f481c7ac87b1ee1df0ab2be7ecd958dd3eb003e35bd6c7c7b99a8aa8f51b64,
random_frontier,18,9,True,2500.2729316327914,2499.402241030157,0.00034835953506855415,27cd191aa90b53117c7d9ee9b689feb8a7a6a398223600ade0966a8dc698b822,
random_frontier,18,10,True,2499.5140482497686,2499.402241030157,4.4733583805116765e-05,862b3f34a5e1ad2d005e207fb42fad869d837b259c2531b71305107aa3ba1faa,
random_frontier,18,11,True,2500.4013212308532,2499.402241030157,0.0003997276565954601,ac5dd5c4c9c2b0d0985e81536fb5dc771546e42b0fa750faf1c36f5a49314079,
random_frontier,18,12,True,2500.1262560253385,2499.402241030157,0.00028967526046680745,707bfa3a5f56952f886a65629da2a54ab6744f9319f972c6ecfc671048af5289,
random_frontier,18,13,True,2500.0270982555417,2499.402241030157,0.00025000266668854225,b865a123dbf144348e9440d59250718fde8b93321c49fdd4947a56fe45c11eb7,
random_frontier,18,14,True,2499.493823585017,2499.402241030157,3.664178312581256e-05,75ec9bbacda5b20a0fb86e4b4eec10f32d772f975b03914c378cd5eae3a5a71f,
random_frontier,18,15,True,2500.392278245732,2499.402241030157,0.00039610959745608207,59f3d46a813b376915a3b2f811522a49113623801c576ee59851fbd0cfd2f31a,
random_frontier,18,16,True,2500.0270982555417,2499.402241030157,0.00025000266668854225,b865a123dbf144348e9440d59250718fde8b93321c49fdd4947a56fe45c11eb7,
random_frontier,18,17,True,2500.280568637856,2499.402241030157,0.00035141506768323743,ddfb21db894415e7152a075583611d5e5ac6b053e1f242645c02949e92314c9d,
random_frontier,18,18,True,2500.181410868059,2499.402241030157,0.00031174247390497223,2f3c5d1ba0b7c40183c3b3d2740631068c6a85ef4d63ad3762144fa72db178ae,
random_frontier,18,19,True,2499.6132060195655,2499.402241030157,8.440617758338195e-05,d7f724a6c9ab3714877718310dd4431ef67b43c3bd6cf1b925d3e2b22c99befe,
random_frontier,18,20,True,2500.0145464174625,2499.402241030157,0.00024498073069396286,b6a0df23451bfd450190bf6d1bc21d737234235f86895bc9c67d768fe71482ec,
random_frontier,18,21,True,2500.3751351012647,2499.402241030157,0.00038925069968207324,77e9b8cf8132528c55d5e43d4355185e94dfce0b46c8767c6ee644b193715390,
random_frontier,18,22,True,2500.2729316327914,2499.402241030157,0.00034835953506855415,27cd191aa90b53117c7d9ee9b689feb8a7a6a398223600ade0966a8dc698b822,
random_frontier,18,23,True,2499.9584695261956,2499.402241030157,0.00022254460963015235,d6838483b2f5e26aec3f1d68c51447f5dc8de85ec9ccc39a5bdb1fadf1f9cb8a,
random_frontier,18,24,True,2500.4013212308532,2499.402241030157,0.0003997276565954601,ac5dd5c4c9c2b0d0985e81536fb5dc771546e42b0fa750faf1c36f5a49314079,
random_frontier,18,25,True,2500.0270982555417,2499.402241030157,0.00025000266668854225,b865a123dbf144348e9440d59250718fde8b93321c49fdd4947a56fe45c11eb7,
random_frontier,18,26,True,2500.3751351012647,2499.402241030157,0.00038925069968207324,77e9b8cf8132528c55d5e43d4355185e94dfce0b46c8767c6ee644b193715390,
random_frontier,18,27,True,2499.6223433557375,2499.402241030157,8.806198616912716e-05,7a0e03ac551b23efc284f96f5682eadc3fcc1dbf07836bb848a677401c93d8bb,
random_frontier,18,28,True,2500.0010566673063,2499.402241030157,0.00023958354014387028,1a36f4661a4464bc9cc369136959e770ba5004a943483b29c104c3b6dc077996,
random_frontier,18,29,True,2500.0101940034783,2499.402241030157,0.0002432393487296155,2efa16d368900a6c55cc0c4c87f866a634b897fda5e6b5a9134ac8bfa608d1e7,
random_frontier,18,30,True,2500.50047900065,2499.402241030157,0.0004394002503737253,cca14fffa017ce01279be215644c4e7f51f0c82179202685c36c082f56b87788,
random_frontier,18,31,True,2500.1262560253385,2499.402241030157,0.00028967526046680745,707bfa3a5f56952f886a65629da2a54ab6744f9319f972c6ecfc671048af5289,
random_frontier,18,32,True,2499.5272086563937,2499.402241030157,4.999900543633978e-05,271b62d337144c4e82e820d3f2a2d974ad797996ef544d1a3e166472a39d38a4,
random_frontier,18,33,True,2500.293120475935,2499.402241030157,0.00035643700367781687,eed8fdc6dc904fc0027daad9cef5fd03635ab29280953a6a3bbe578742733e1a,
random_frontier,18,34,True,2500.1093517732747,2499.402241030157,0.00028291194250769873,f0f481c7ac87b1ee1df0ab2be7ecd958dd3eb003e35bd6c7c7b99a8aa8f51b64,
random_frontier,18,35,True,2500.275977331468,2499.402241030157,0.00034957810590380804,a4d4e8c4ce8c24baa97112938c5a547c86a0e5100ca7e1dab329af88b11dbbb4,
random_frontier,18,36,True,2500.0101940034783,2499.402241030157,0.0002432393487296155,2efa16d368900a6c55cc0c4c87f866a634b897fda5e6b5a9134ac8bfa608d1e7,
random_frontier,18,37,True,2500.3751351012647,2499.402241030157,0.00038925069968207324,77e9b8cf8132528c55d5e43d4355185e94dfce0b46c8767c6ee644b193715390,
random_frontier,18,38,True,2499.4022410301573,2499.402241030157,0.0,33e41d71d6364c1f25cb4957a3778828cfd060736e5d6d4dfa39835a44ea2205,
random_frontier,18,39,True,2500.4013212308532,2499.402241030157,0.0003997276565954601,ac5dd5c4c9c2b0d0985e81536fb5dc771546e42b0fa750faf1c36f5a49314079,
random_frontier,18,40,True,2499.829949755475,2499.402241030157,0.00017112440658683775,e899a99a911af9035fbd63b2c74b7bb7030112875374e3cac0bd06f42d4e48ee,
random_frontier,18,41,True,2500.293120475935,2499.402241030157,0.00035643700367781687,eed8fdc6dc904fc0027daad9cef5fd03635ab29280953a6a3bbe578742733e1a,
random_frontier,18,42,True,2500.181410868059,2499.402241030157,0.00031174247390497223,2f3c5d1ba0b7c40183c3b3d2740631068c6a85ef4d63ad3762144fa72db178ae,
random_frontier,18,43,True,2500.293120475935,2499.402241030157,0.00035643700367781687,eed8fdc6dc904fc0027daad9cef5fd03635ab29280953a6a3bbe578742733e1a,
random_frontier,18,44,True,2499.5140482497686,2499.402241030157,4.4733583805116765e-05,862b3f34a5e1ad2d005e207fb42fad869d837b259c2531b71305107aa3ba1faa,
random_frontier,18,45,True,2500.4013212308532,2499.402241030157,0.0003997276565954601,ac5dd5c4c9c2b0d0985e81536fb5dc771546e42b0fa750faf1c36f5a49314079,
random_frontier,18,46,True,2499.5140482497686,2499.402241030157,4.4733583805116765e-05,862b3f34a5e1ad2d005e207fb42fad869d837b259c2531b71305107aa3ba1faa,
random_frontier,18,47,True,2500.3751351012647,2499.402241030157,0.00038925069968207324,77e9b8cf8132528c55d5e43d4355185e94dfce0b46c8767c6ee644b193715390,
random_frontier,18,48,True,2500.4013212308532,2499.402241030157,0.0003997276565954601,ac5dd5c4c9c2b0d0985e81536fb5dc771546e42b0fa750faf1c36f5a49314079,
random_frontier,18,49,True,2499.8559037205123,2499.402241030157,0.00018150847546992034,a0f4c86d50b053c185f182b9a4be3e02452ed2193cd97fb0f7c3ff88a4316f93,
random_frontier,18,50,True,2499.955061490309,2499.402241030157,0.0002211810692481855,c0b36161e0d85c84527eea60033757a3428660497c23bc3e225f21bd3de2436f,
random_frontier,18,51,True,2500.392278245732,2499.402241030157,0.00039610959745608207,59f3d46a813b376915a3b2f811522a49113623801c576ee59851fbd0cfd2f31a,
random_frontier,18,52,True,2500.3751351012647,2499.402241030157,0.00038925069968207324,77e9b8cf8132528c55d5e43d4355185e94dfce0b46c8767c6ee644b193715390,
random_frontier,18,53,True,2499.9584695261956,2499.402241030157,0.00022254460963015235,d6838483b2f5e26aec3f1d68c51447f5dc8de85ec9ccc39a5bdb1fadf1f9cb8a,
random_frontier,18,54,True,2500.0010566673063,2499.402241030157,0.00023958354014387028,1a36f4661a4464bc9cc369136959e770ba5004a943483b29c104c3b6dc077996,
random_frontier,18,55,True,2500.0270982555417,2499.402241030157,0.00025000266668854225,b865a123dbf144348e9440d59250718fde8b93321c49fdd4947a56fe45c11eb7,
random_frontier,18,56,True,2500.392278245732,2499.402241030157,0.00039610959745608207,59f3d46a813b376915a3b2f811522a49113623801c576ee59851fbd0cfd2f31a,
random_frontier,18,57,True,2500.2729316327914,2499.402241030157,0.00034835953506855415,27cd191aa90b53117c7d9ee9b689feb8a7a6a398223600ade0966a8dc698b822,
random_frontier,18,58,True,2500.4013212308532,2499.402241030157,0.0003997276565954601,ac5dd5c4c9c2b0d0985e81536fb5dc771546e42b0fa750faf1c36f5a49314079,
random_frontier,18,59,True,2500.0010566673063,2499.402241030157,0.00023958354014387028,1a36f4661a4464bc9cc369136959e770ba5004a943483b29c104c3b6dc077996,
random_frontier,18,60,True,2500.3720894025882,2499.402241030157,0.00038803212884681935,5295948ae833f718674715a2e1c88278784692b6f4af39b09e3a1fec87dcab4d,
random_frontier,18,61,True,2500.2729316327914,2499.402241030157,0.00034835953506855415,27cd191aa90b53117c7d9ee9b689feb8a7a6a398223600ade0966a8dc698b822,
random_frontier,18,62,True,2500.3751351012647,2499.402241030157,0.00038925069968207324,77e9b8cf8132528c55d5e43d4355185e94dfce0b46c8767c6ee644b193715390,
random_frontier,18,63,True,2499.955061490309,2499.402241030157,0.0002211810692481855,c0b36161e0d85c84527eea60033757a3428660497c23bc3e225f21bd3de2436f,
random_frontier,18,64,True,2500.50047900065,2499.402241030157,0.0004394002503737253,cca14fffa017ce01279be215644c4e7f51f0c82179202685c36c082f56b87788,
random_frontier,18,65,True,2500.3751351012647,2499.402241030157,0.00038925069968207324,77e9b8cf8132528c55d5e43d4355185e94dfce0b46c8767c6ee644b193715390,
random_frontier,18,66,True,2499.955061490309,2499.402241030157,0.0002211810692481855,c0b36161e0d85c84527eea60033757a3428660497c23bc3e225f21bd3de2436f,
random_frontier,18,67,True,2499.8559037205123,2499.402241030157,0.00018150847546992034,a0f4c86d50b053c185f182b9a4be3e02452ed2193cd97fb0f7c3ff88a4316f93,
random_frontier,18,68,True,2500.392278245732,2499.402241030157,0.00039610959745608207,59f3d46a813b376915a3b2f811522a49113623801c576ee59851fbd0cfd2f31a,
random_frontier,18,69,True,2500.50047900065,2499.402241030157,0.0004394002503737253,cca14fffa017ce01279be215644c4e7f51f0c82179202685c36c082f56b87788,
random_frontier,18,70,True,2500.293120475935,2499.402241030157,0.00035643700367781687,eed8fdc6dc904fc0027daad9cef5fd03635ab29280953a6a3bbe578742733e1a,
random_frontier,18,71,True,2500.181410868059,2499.402241030157,0.00031174247390497223,2f3c5d1ba0b7c40183c3b3d2740631068c6a85ef4d63ad3762144fa72db178ae,
random_frontier,18,72,True,2500.3751351012647,2499.402241030157,0.00038925069968207324,77e9b8cf8132528c55d5e43d4355185e94dfce0b46c8767c6ee644b193715390,
random_frontier,18,73,True,2500.275977331468,2499.402241030157,0.00034957810590380804,a4d4e8c4ce8c24baa97112938c5a547c86a0e5100ca7e1dab329af88b11dbbb4,
random_frontier,18,74,True,2499.6223433557375,2499.402241030157,8.806198616912716e-05,7a0e03ac551b23efc284f96f5682eadc3fcc1dbf07836bb848a677401c93d8bb,
random_frontier,18,75,True,2499.76438295578,2499.402241030157,0.00014489141430633841,5c066042a39ef3c80ab3f5ce414052c58dc2d0904227d33c9ed972970a78e253,
random_frontier,18,76,True,2500.3751351012647,2499.402241030157,0.00038925069968207324,77e9b8cf8132528c55d5e43d4355185e94dfce0b46c8767c6ee644b193715390,
random_frontier,18,77,True,2500.50047900065,2499.402241030157,0.0004394002503737253,cca14fffa017ce01279be215644c4e7f51f0c82179202685c36c082f56b87788,
random_frontier,18,78,True,2500.50047900065,2499.402241030157,0.0004394002503737253,cca14fffa017ce01279be215644c4e7f51f0c82179202685c36c082f56b87788,
random_frontier,18,79,True,2499.76438295578,2499.402241030157,0.00014489141430633841,5c066042a39ef3c80ab3f5ce414052c58dc2d0904227d33c9ed972970a78e253,
random_frontier,18,80,True,2500.1262560253385,2499.402241030157,0.00028967526046680745,707bfa3a5f56952f886a65629da2a54ab6744f9319f972c6ecfc671048af5289,
random_frontier,18,81,True,2500.1093517732747,2499.402241030157,0.00028291194250769873,f0f481c7ac87b1ee1df0ab2be7ecd958dd3eb003e35bd6c7c7b99a8aa8f51b64,
random_frontier,18,82,True,2500.50047900065,2499.402241030157,0.0004394002503737253,cca14fffa017ce01279be215644c4e7f51f0c82179202685c36c082f56b87788,
random_frontier,18,83,True,2500.0069094123983,2499.402241030157,0.0002419251980794615,8d553d578250aa7de0d0b8a8ba953b6bbf1f8d485a2fd025e4f635317c9c7ae6,
random_frontier,18,84,True,2500.275977331468,2499.402241030157,0.00034957810590380804,a4d4e8c4ce8c24baa97112938c5a547c86a0e5100ca7e1dab329af88b11dbbb4,
random_frontier,18,85,True,2500.3720894025882,2499.402241030157,0.00038803212884681935,5295948ae833f718674715a2e1c88278784692b6f4af39b09e3a1fec87dcab4d,
random_frontier,18,86,True,2500.0101940034783,2499.402241030157,0.0002432393487296155,2efa16d368900a6c55cc0c4c87f866a634b897fda5e6b5a9134ac8bfa608d1e7,
random_frontier,18,87,True,2500.181410868059,2499.402241030157,0.00031174247390497223,2f3c5d1ba0b7c40183c3b3d2740631068c6a85ef4d63ad3762144fa72db178ae,
random_frontier,18,88,True,2500.3720894025882,2499.402241030157,0.00038803212884681935,5295948ae833f718674715a2e1c88278784692b6f4af39b09e3a1fec87dcab4d,
random_frontier,18,89,True,2500.50047900065,2499.402241030157,0.0004394002503737253,cca14fffa017ce01279be215644c4e7f51f0c82179202685c36c082f56b87788,
random_frontier,18,90,True,2500.50047900065,2499.402241030157,0.0004394002503737253,cca14fffa017ce01279be215644c4e7f51f0c82179202685c36c082f56b87788,
random_frontier,18,91,True,2500.1262560253385,2499.402241030157,0.00028967526046680745,707bfa3a5f56952f886a65629da2a54ab6744f9319f972c6ecfc671048af5289,
random_frontier,18,92,True,2500.275977331468,2499.402241030157,0.00034957810590380804,a4d4e8c4ce8c24baa97112938c5a547c86a0e5100ca7e1dab329af88b11dbbb4,
random_frontier,18,93,True,2500.4013212308532,2499.402241030157,0.0003997276565954601,ac5dd5c4c9c2b0d0985e81536fb5dc771546e42b0fa750faf1c36f5a49314079,
random_frontier,18,94,True,2500.280568637856,2499.402241030157,0.00035141506768323743,ddfb21db894415e7152a075583611d5e5ac6b053e1f242645c02949e92314c9d,
random_frontier,18,95,True,2500.4013212308532,2499.402241030157,0.0003997276565954601,ac5dd5c4c9c2b0d0985e81536fb5dc771546e42b0fa750faf1c36f5a49314079,
random_frontier,18,96,True,2499.829949755475,2499.402241030157,0.00017112440658683775,e899a99a911af9035fbd63b2c74b7bb7030112875374e3cac0bd06f42d4e48ee,
random_frontier,18,97,True,2500.4013212308532,2499.402241030157,0.0003997276565954601,ac5dd5c4c9c2b0d0985e81536fb5dc771546e42b0fa750faf1c36f5a49314079,
random_frontier,18,98,True,2499.9153886476656,2499.402241030157,0.00020530813691569766,847209fbb010dcdfef58a94fd14c2cf032fd70bac816922bfc04e79c0c0905f0,
random_frontier,18,99,True,2500.4013212308532,2499.402241030157,0.0003997276565954601,ac5dd5c4c9c2b0d0985e81536fb5dc771546e42b0fa750faf1c36f5a49314079,
random_frontier,29,0,True,536.5474715636964,536.5474715636964,0.0,c39e6d731a101d16fe223d16ac1c9226b254a75188ac4f7d3f886b70efd97936,
random_frontier,29,1,True,536.5474715636964,536.5474715636964,0.0,c39e6d731a101d16fe223d16ac1c9226b254a75188ac4f7d3f886b70efd97936,
random_frontier,29,2,True,536.5474715636964,536.5474715636964,0.0,c39e6d731a101d16fe223d16ac1c9226b254a75188ac4f7d3f886b70efd97936,
random_frontier,29,3,True,536.5474715636964,536.5474715636964,0.0,c39e6d731a101d16fe223d16ac1c9226b254a75188ac4f7d3f886b70efd97936,
random_frontier,29,4,True,536.5474715636964,536.5474715636964,0.0,c39e6d731a101d16fe223d16ac1c9226b254a75188ac4f7d3f886b70efd97936,
random_frontier,29,5,True,536.5474715636964,536.5474715636964,0.0,c39e6d731a101d16fe223d16ac1c9226b254a75188ac4f7d3f886b70efd97936,
random_frontier,29,6,True,536.5474715636964,536.5474715636964,0.0,c39e6d731a101d16fe223d16ac1c9226b254a75188ac4f7d3f886b70efd97936,
random_frontier,29,7,True,536.5474715636964,536.5474715636964,0.0,c39e6d731a101d16fe223d16ac1c9226b254a75188ac4f7d3f886b70efd97936,
random_frontier,29,8,True,536.5474715636964,536.5474715636964,0.0,c39e6d731a101d16fe223d16ac1c9226b254a75188ac4f7d3f886b70efd97936,
random_frontier,29,9,True,536.5474715636964,536.5474715636964,0.0,c39e6d731a101d16fe223d16ac1c9226b254a75188ac4f7d3f886b70efd97936,
random_frontier,29,10,True,536.5474715636964,536.5474715636964,0.0,c39e6d731a101d16fe223d16ac1c9226b254a75188ac4f7d3f886b70efd97936,
random_frontier,29,11,True,536.5474715636964,536.5474715636964,0.0,c39e6d731a101d16fe223d16ac1c9226b254a75188ac4f7d3f886b70efd97936,
random_frontier,29,12,True,536.5474715636964,536.5474715636964,0.0,c39e6d731a101d16fe223d16ac1c9226b254a75188ac4f7d3f886b70efd97936,
random_frontier,29,13,True,536.5474715636964,536.5474715636964,0.0,c39e6d731a101d16fe223d16ac1c9226b254a75188ac4f7d3f886b70efd97936,
random_frontier,29,14,True,536.5474715636964,536.5474715636964,0.0,c39e6d731a101d16fe223d16ac1c9226b254a75188ac4f7d3f886b70efd97936,
random_frontier,29,15,True,536.5474715636964,536.5474715636964,0.0,c39e6d731a101d16fe223d16ac1c9226b254a75188ac4f7d3f886b70efd97936,
random_frontier,29,16,True,536.5474715636964,536.5474715636964,0.0,c39e6d731a101d16fe223d16ac1c9226b254a75188ac4f7d3f886b70efd97936,
random_frontier,29,17,True,536.5474715636964,536.5474715636964,0.0,c39e6d731a101d16fe223d16ac1c9226b254a75188ac4f7d3f886b70efd97936,
random_frontier,29,18,True,536.5474715636964,536.5474715636964,0.0,c39e6d731a101d16fe223d16ac1c9226b254a75188ac4f7d3f886b70efd97936,
random_frontier,29,19,True,536.5474715636964,536.5474715636964,0.0,c39e6d731a101d16fe223d16ac1c9226b254a75188ac4f7d3f886b70efd97936,
random_frontier,29,20,True,536.5474715636964,536.5474715636964,0.0,c39e6d731a101d16fe223d16ac1c9226b254a75188ac4f7d3f886b70efd97936,
random_frontier,29,21,True,536.5474715636964,536.5474715636964,0.0,c39e6d731a101d16fe223d16ac1c9226b254a75188ac4f7d3f886b70efd97936,
random_frontier,29,22,True,536.5474715636964,536.5474715636964,0.0,c39e6d731a101d16fe223d16ac1c9226b254a75188ac4f7d3f886b70efd97936,
random_frontier,29,23,True,536.5474715636964,536.5474715636964,0.0,c39e6d731a101d16fe223d16ac1c9226b254a75188ac4f7d3f886b70efd97936,
random_frontier,29,24,True,536.5474715636964,536.5474715636964,0.0,c39e6d731a101d16fe223d16ac1c9226b254a75188ac4f7d3f886b70efd97936,
random_frontier,29,25,True,536.5474715636964,536.5474715636964,0.0,c39e6d731a101d16fe223d16ac1c9226b254a75188ac4f7d3f886b70efd97936,
random_frontier,29,26,True,536.5474715636964,536.5474715636964,0.0,c39e6d731a101d16fe223d16ac1c9226b254a75188ac4f7d3f886b70efd97936,
random_frontier,29,27,True,536.5474715636964,536.5474715636964,0.0,c39e6d731a101d16fe223d16ac1c9226b254a75188ac4f7d3f886b70efd97936,
random_frontier,29,28,True,536.5474715636964,536.5474715636964,0.0,c39e6d731a101d16fe223d16ac1c9226b254a75188ac4f7d3f886b70efd97936,
random_frontier,29,29,True,536.5474715636964,536.5474715636964,0.0,c39e6d731a101d16fe223d16ac1c9226b254a75188ac4f7d3f886b70efd97936,
random_frontier,29,30,True,536.5474715636964,536.5474715636964,0.0,c39e6d731a101d16fe223d16ac1c9226b254a75188ac4f7d3f886b70efd97936,
random_frontier,29,31,True,536.5474715636964,536.5474715636964,0.0,c39e6d731a101d16fe223d16ac1c9226b254a75188ac4f7d3f886b70efd97936,
random_frontier,29,32,True,536.5474715636964,536.5474715636964,0.0,c39e6d731a101d16fe223d16ac1c9226b254a75188ac4f7d3f886b70efd97936,
random_frontier,29,33,True,536.5474715636964,536.5474715636964,0.0,c39e6d731a101d16fe223d16ac1c9226b254a75188ac4f7d3f886b70efd97936,
random_frontier,29,34,True,536.5474715636964,536.5474715636964,0.0,c39e6d731a101d16fe223d16ac1c9226b254a75188ac4f7d3f886b70efd97936,
random_frontier,29,35,True,536.5474715636964,536.5474715636964,0.0,c39e6d731a101d16fe223d16ac1c9226b254a75188ac4f7d3f886b70efd97936,
random_frontier,29,36,True,536.5474715636964,536.5474715636964,0.0,c39e6d731a101d16fe223d16ac1c9226b254a75188ac4f7d3f886b70efd97936,
random_frontier,29,37,True,536.5474715636964,536.5474715636964,0.0,c39e6d731a101d16fe223d16ac1c9226b254a75188ac4f7d3f886b70efd97936,
random_frontier,29,38,True,536.5474715636964,536.5474715636964,0.0,c39e6d731a101d16fe223d16ac1c9226b254a75188ac4f7d3f886b70efd97936,
random_frontier,29,39,True,536.5474715636964,536.5474715636964,0.0,c39e6d731a101d16fe223d16ac1c9226b254a75188ac4f7d3f886b70efd97936,
random_frontier,29,40,True,536.5474715636964,536.5474715636964,0.0,c39e6d731a101d16fe223d16ac1c9226b254a75188ac4f7d3f886b70efd97936,
random_frontier,29,41,True,536.5474715636964,536.5474715636964,0.0,c39e6d731a101d16fe223d16ac1c9226b254a75188ac4f7d3f886b70efd97936,
random_frontier,29,42,True,536.5474715636964,536.5474715636964,0.0,c39e6d731a101d16fe223d16ac1c9226b254a75188ac4f7d3f886b70efd97936,
random_frontier,29,43,True,536.5474715636964,536.5474715636964,0.0,c39e6d731a101d16fe223d16ac1c9226b254a75188ac4f7d3f886b70efd97936,
random_frontier,29,44,True,536.5474715636964,536.5474715636964,0.0,c39e6d731a101d16fe223d16ac1c9226b254a75188ac4f7d3f886b70efd97936,
random_frontier,29,45,True,536.5474715636964,536.5474715636964,0.0,c39e6d731a101d16fe223d16ac1c9226b254a75188ac4f7d3f886b70efd97936,
random_frontier,29,46,True,536.5474715636964,536.5474715636964,0.0,c39e6d731a101d16fe223d16ac1c9226b254a75188ac4f7d3f886b70efd97936,
random_frontier,29,47,True,536.5474715636964,536.5474715636964,0.0,c39e6d731a101d16fe223d16ac1c9226b254a75188ac4f7d3f886b70efd97936,
random_frontier,29,48,True,536.5474715636964,536.5474715636964,0.0,c39e6d731a101d16fe223d16ac1c9226b254a75188ac4f7d3f886b70efd97936,
random_frontier,29,49,True,536.5474715636964,536.5474715636964,0.0,c39e6d731a101d16fe223d16ac1c9226b254a75188ac4f7d3f886b70efd97936,
random_frontier,29,50,True,536.5474715636964,536.5474715636964,0.0,c39e6d731a101d16fe223d16ac1c9226b254a75188ac4f7d3f886b70efd97936,
random_frontier,29,51,True,536.5474715636964,536.5474715636964,0.0,c39e6d731a101d16fe223d16ac1c9226b254a75188ac4f7d3f886b70efd97936,
random_frontier,29,52,True,536.5474715636964,536.5474715636964,0.0,c39e6d731a101d16fe223d16ac1c9226b254a75188ac4f7d3f886b70efd97936,
random_frontier,29,53,True,536.5474715636964,536.5474715636964,0.0,c39e6d731a101d16fe223d16ac1c9226b254a75188ac4f7d3f886b70efd97936,
random_frontier,29,54,True,536.5474715636964,536.5474715636964,0.0,c39e6d731a101d16fe223d16ac1c9226b254a75188ac4f7d3f886b70efd97936,
random_frontier,29,55,True,536.5474715636964,536.5474715636964,0.0,c39e6d731a101d16fe223d16ac1c9226b254a75188ac4f7d3f886b70efd97936,
random_frontier,29,56,True,536.5474715636964,536.5474715636964,0.0,c39e6d731a101d16fe223d16ac1c9226b254a75188ac4f7d3f886b70efd97936,
random_frontier,29,57,True,536.5474715636964,536.5474715636964,0.0,c39e6d731a101d16fe223d16ac1c9226b254a75188ac4f7d3f886b70efd97936,
random_frontier,29,58,True,536.5474715636964,536.5474715636964,0.0,c39e6d731a101d16fe223d16ac1c9226b254a75188ac4f7d3f886b70efd97936,
random_frontier,29,59,True,536.5474715636964,536.5474715636964,0.0,c39e6d731a101d16fe223d16ac1c9226b254a75188ac4f7d3f886b70efd97936,
random_frontier,29,60,True,536.5474715636964,536.5474715636964,0.0,c39e6d731a101d16fe223d16ac1c9226b254a75188ac4f7d3f886b70efd97936,
random_frontier,29,61,True,536.5474715636964,536.5474715636964,0.0,c39e6d731a101d16fe223d16ac1c9226b254a75188ac4f7d3f886b70efd97936,
random_frontier,29,62,True,536.5474715636964,536.5474715636964,0.0,c39e6d731a101d16fe223d16ac1c9226b254a75188ac4f7d3f886b70efd97936,
random_frontier,29,63,True,536.5474715636964,536.5474715636964,0.0,c39e6d731a101d16fe223d16ac1c9226b254a75188ac4f7d3f886b70efd97936,
random_frontier,29,64,True,536.5474715636964,536.5474715636964,0.0,c39e6d731a101d16fe223d16ac1c9226b254a75188ac4f7d3f886b70efd97936,
random_frontier,29,65,True,536.5474715636964,536.5474715636964,0.0,c39e6d731a101d16fe223d16ac1c9226b254a75188ac4f7d3f886b70efd97936,
random_frontier,29,66,True,536.5474715636964,536.5474715636964,0.0,c39e6d731a101d16fe223d16ac1c9226b254a75188ac4f7d3f886b70efd97936,
random_frontier,29,67,True,536.5474715636964,536.5474715636964,0.0,c39e6d731a101d16fe223d16ac1c9226b254a75188ac4f7d3f886b70efd97936,
random_frontier,29,68,True,536.5474715636964,536.5474715636964,0.0,c39e6d731a101d16fe223d16ac1c9226b254a75188ac4f7d3f886b70efd97936,
random_frontier,29,69,True,536.5474715636964,536.5474715636964,0.0,c39e6d731a101d16fe223d16ac1c9226b254a75188ac4f7d3f886b70efd97936,
random_frontier,29,70,True,536.5474715636964,536.5474715636964,0.0,c39e6d731a101d16fe223d16ac1c9226b254a75188ac4f7d3f886b70efd97936,
random_frontier,29,71,True,536.5474715636964,536.5474715636964,0.0,c39e6d731a101d16fe223d16ac1c9226b254a75188ac4f7d3f886b70efd97936,
random_frontier,29,72,True,536.5474715636964,536.5474715636964,0.0,c39e6d731a101d16fe223d16ac1c9226b254a75188ac4f7d3f886b70efd97936,
random_frontier,29,73,True,536.5474715636964,536.5474715636964,0.0,c39e6d731a101d16fe223d16ac1c9226b254a75188ac4f7d3f886b70efd97936,
random_frontier,29,74,True,536.5474715636964,536.5474715636964,0.0,c39e6d731a101d16fe223d16ac1c9226b254a75188ac4f7d3f886b70efd97936,
random_frontier,29,75,True,536.5474715636964,536.5474715636964,0.0,c39e6d731a101d16fe223d16ac1c9226b254a75188ac4f7d3f886b70efd97936,
random_frontier,29,76,True,536.5474715636964,536.5474715636964,0.0,c39e6d731a101d16fe223d16ac1c9226b254a75188ac4f7d3f886b70efd97936,
random_frontier,29,77,True,536.5474715636964,536.5474715636964,0.0,c39e6d731a101d16fe223d16ac1c9226b254a75188ac4f7d3f886b70efd97936,
random_frontier,29,78,True,536.5474715636964,536.5474715636964,0.0,c39e6d731a101d16fe223d16ac1c9226b254a75188ac4f7d3f886b70efd97936,
random_frontier,29,79,True,536.5474715636964,536.5474715636964,0.0,c39e6d731a101d16fe223d16ac1c9226b254a75188ac4f7d3f886b70efd97936,
random_frontier,29,80,True,536.5474715636964,536.5474715636964,0.0,c39e6d731a101d16fe223d16ac1c9226b254a75188ac4f7d3f886b70efd97936,
random_frontier,29,81,True,536.5474715636964,536.5474715636964,0.0,c39e6d731a101d16fe223d16ac1c9226b254a75188ac4f7d3f886b70efd97936,
random_frontier,29,82,True,536.5474715636964,536.5474715636964,0.0,c39e6d731a101d16fe223d16ac1c9226b254a75188ac4f7d3f886b70efd97936,
random_frontier,29,83,True,536.5474715636964,536.5474715636964,0.0,c39e6d731a101d16fe223d16ac1c9226b254a75188ac4f7d3f886b70efd97936,
random_frontier,29,84,True,536.5474715636964,536.5474715636964,0.0,c39e6d731a101d16fe223d16ac1c9226b254a75188ac4f7d3f886b70efd97936,
random_frontier,29,85,True,536.5474715636964,536.5474715636964,0.0,c39e6d731a101d16fe223d16ac1c9226b254a75188ac4f7d3f886b70efd97936,
random_frontier,29,86,True,536.5474715636964,536.5474715636964,0.0,c39e6d731a101d16fe223d16ac1c9226b254a75188ac4f7d3f886b70efd97936,
random_frontier,29,87,True,536.5474715636964,536.5474715636964,0.0,c39e6d731a101d16fe223d16ac1c9226b254a75188ac4f7d3f886b70efd97936,
random_frontier,29,88,True,536.5474715636964,536.5474715636964,0.0,c39e6d731a101d16fe223d16ac1c9226b254a75188ac4f7d3f886b70efd97936,
random_frontier,29,89,True,536.5474715636964,536.5474715636964,0.0,c39e6d731a101d16fe223d16ac1c9226b254a75188ac4f7d3f886b70efd97936,
random_frontier,29,90,True,536.5474715636964,536.5474715636964,0.0,c39e6d731a101d16fe223d16ac1c9226b254a75188ac4f7d3f886b70efd97936,
random_frontier,29,91,True,536.5474715636964,536.5474715636964,0.0,c39e6d731a101d16fe223d16ac1c9226b254a75188ac4f7d3f886b70efd97936,
random_frontier,29,92,True,536.5474715636964,536.5474715636964,0.0,c39e6d731a101d16fe223d16ac1c9226b254a75188ac4f7d3f886b70efd97936,
random_frontier,29,93,True,536.5474715636964,536.5474715636964,0.0,c39e6d731a101d16fe223d16ac1c9226b254a75188ac4f7d3f886b70efd97936,
random_frontier,29,94,True,536.5474715636964,536.5474715636964,0.0,c39e6d731a101d16fe223d16ac1c9226b254a75188ac4f7d3f886b70efd97936,
random_frontier,29,95,True,536.5474715636964,536.5474715636964,0.0,c39e6d731a101d16fe223d16ac1c9226b254a75188ac4f7d3f886b70efd97936,
random_frontier,29,96,True,536.5474715636964,536.5474715636964,0.0,c39e6d731a101d16fe223d16ac1c9226b254a75188ac4f7d3f886b70efd97936,
random_frontier,29,97,True,536.5474715636964,536.5474715636964,0.0,c39e6d731a101d16fe223d16ac1c9226b254a75188ac4f7d3f886b70efd97936,
random_frontier,29,98,True,536.5474715636964,536.5474715636964,0.0,c39e6d731a101d16fe223d16ac1c9226b254a75188ac4f7d3f886b70efd97936,
random_frontier,29,99,True,536.5474715636964,536.5474715636964,0.0,c39e6d731a101d16fe223d16ac1c9226b254a75188ac4f7d3f886b70efd97936,
random_frontier,36,0,True,2711.4561100791407,2710.7489993360227,0.0002608543776244641,c9a4e7eb89250408254b7c4a037bda5bd0a35387293a2de78f8d7428d94f2d65,
random_frontier,36,1,True,2711.7480795367187,2710.7489993360227,0.0003685624161221449,b5e1e71ef4d8241ded3a3b52763aefca655345053c5180bb4914e55f7b813711,
random_frontier,36,2,True,2711.176708061341,2710.7489993360227,0.0001577824894237209,5a33170765af72732beceaf744cd48075b8ba8805e2552e0bc4367a3fddea9ff,
random_frontier,36,3,True,2711.8472373065156,2710.7489993360227,0.0004051418891095602,9ce70e0bd509115f4e6a465077a77ff84e256048bd7c3fb8dbf94f965a28f0d4,
random_frontier,36,4,True,2711.7480795367187,2710.7489993360227,0.0003685624161221449,b5e1e71ef4d8241ded3a3b52763aefca655345053c5180bb4914e55f7b813711,
random_frontier,36,5,True,2711.5281691739247,2710.7489993360227,0.0002874371024734381,bd818ae64a3838827def772ab2f58c611e1d1648764a90e14bdde6b4bd86a660,
random_frontier,36,6,True,2710.8481571058196,2710.7489993360227,3.657947298741529e-05,0b023b77849de80e6277b30c7a921c64f8a38601261e0b8244e8ba8ae30ad3d8,
random_frontier,36,7,True,2711.1969327260927,2710.7489993360227,0.00016524340327327914,6f322d92be2cc56891e065978bc58d02cdd95d4df984f42f7fdb746629583bdc,
random_frontier,36,8,True,2711.7480795367187,2710.7489993360227,0.0003685624161221449,b5e1e71ef4d8241ded3a3b52763aefca655345053c5180bb4914e55f7b813711,
random_frontier,36,9,True,2711.1111412616456,2710.7489993360227,0.00013359478347554137,4d96c7af811e2c4f678feec7db50d54e10e28768d97fed2f9776422801d1af03,
random_frontier,36,10,True,2711.305227832061,2710.7489993360227,0.0002051936553972992,4b175f62cadc7577d2e97a8b7a605989ab4e5d56bde2dd3d6575948d22b021dc,
random_frontier,36,11,True,2711.6227356373333,2710.7489993360227,0.00032232283458358393,5a6b72c73faa232956caf20deab75256cb59c9bd8c4a7b604238fad0f0fa2ad3,
random_frontier,36,12,True,2711.72189340713,2710.7489993360227,0.00035890230757099924,4f8f1c2c2f8a3c481b224d9bc48045b48d1b896509f5594ef4e4b1b807b87dc7,
random_frontier,36,13,True,2711.7390365515976,2710.7489993360227,0.0003652264432514158,973e5bff988dc5073e31b28d377bcbe2226fa2886c07b06ad56ad2d9fd9be15c,
random_frontier,36,14,True,2711.6227356373333,2710.7489993360227,0.00032232283458358393,5a6b72c73faa232956caf20deab75256cb59c9bd8c4a7b604238fad0f0fa2ad3,
random_frontier,36,15,True,2711.7188477084537,2710.7489993360227,0.000357778744055073,55367420c5f7b9d1e7dc664338c719bf0fdd381ae92942153a9a13067959fe87,
random_frontier,36,16,True,2711.7480795367187,2710.7489993360227,0.0003685624161221449,b5e1e71ef4d8241ded3a3b52763aefca655345053c5180bb4914e55f7b813711,
random_frontier,36,17,True,2711.6227356373333,2710.7489993360227,0.00032232283458358393,5a6b72c73faa232956caf20deab75256cb59c9bd8c4a7b604238fad0f0fa2ad3,
random_frontier,36,18,True,2711.347814973172,2710.7489993360227,0.0002209041255002763,a7ca652ee5e671be6840d3a1eaa1ccfd3a0f90f6224b29d0700505ffd9ae2649,
random_frontier,36,19,True,2711.4561100791407,2710.7489993360227,0.0002608543776244641,c9a4e7eb89250408254b7c4a037bda5bd0a35387293a2de78f8d7428d94f2d65,
random_frontier,36,20,True,2711.077550291544,2710.7489993360227,0.0001212030164363056,4fd2afe85056d4c39af843ac5aca8f9f71e7754e6668a8f0ee8b7decb81e9c92,
random_frontier,36,21,True,2711.473014331204,2710.7489993360227,0.0002670903854833554,91de738a8739ade38844bdf4a02b61ac41136edb626fada9d222d10549642f30,
random_frontier,36,22,True,2711.6227356373333,2710.7489993360227,0.00032232283458358393,5a6b72c73faa232956caf20deab75256cb59c9bd8c4a7b604238fad0f0fa2ad3,
random_frontier,36,23,True,2711.7480795367187,2710.7489993360227,0.0003685624161221449,b5e1e71ef4d8241ded3a3b52763aefca655345053c5180bb4914e55f7b813711,
random_frontier,36,24,True,2710.7489993360227,2710.7489993360227,0.0,5618afd895452254ca9a063e4d770835d94e2ecd3fbf9c32190dd283823e9a04,
random_frontier,36,25,True,2711.6273269437215,2710.7489993360227,0.00032401657546085334,1719ed4de5d84e6f4ed1bd8848990e2fe81b697f05e9d0032e8238f18e1a8b72,
random_frontier,36,26,True,2711.8472373065156,2710.7489993360227,0.0004051418891095602,9ce70e0bd509115f4e6a465077a77ff84e256048bd7c3fb8dbf94f965a28f0d4,
random_frontier,36,27,True,2711.473014331204,2710.7489993360227,0.0002670903854833554,91de738a8739ade38844bdf4a02b61ac41136edb626fada9d222d10549642f30,
random_frontier,36,28,True,2711.1111412616456,2710.7489993360227,0.00013359478347554137,4d96c7af811e2c4f678feec7db50d54e10e28768d97fed2f9776422801d1af03,
random_frontier,36,29,True,2711.8472373065156,2710.7489993360227,0.0004051418891095602,9ce70e0bd509115f4e6a465077a77ff84e256048bd7c3fb8dbf94f965a28f0d4,
random_frontier,36,30,True,2711.356952309344,2710.7489993360227,0.0002242749046370488,1a27d3df2e2b60e1ecadff22cdbb4aebfa45c469e3e56dbe961e172b7ec89b77,
random_frontier,36,31,True,2711.356952309344,2710.7489993360227,0.0002242749046370488,1a27d3df2e2b60e1ecadff22cdbb4aebfa45c469e3e56dbe961e172b7ec89b77,
random_frontier,36,32,True,2711.373856561407,2710.7489993360227,0.0002305109124959401,1e0e990a2802ee2a081f0addef5965d368793edaf5aa3e019fa40ac50b6371f0,
random_frontier,36,33,True,2711.7188477084537,2710.7489993360227,0.000357778744055073,55367420c5f7b9d1e7dc664338c719bf0fdd381ae92942153a9a13067959fe87,
random_frontier,36,34,True,2711.6227356373333,2710.7489993360227,0.00032232283458358393,5a6b72c73faa232956caf20deab75256cb59c9bd8c4a7b604238fad0f0fa2ad3,
random_frontier,36,35,True,2711.4561100791407,2710.7489993360227,0.0002608543776244641,c9a4e7eb89250408254b7c4a037bda5bd0a35387293a2de78f8d7428d94f2d65,
random_frontier,36,36,True,2711.305227832061,2710.7489993360227,0.0002051936553972992,4b175f62cadc7577d2e97a8b7a605989ab4e5d56bde2dd3d6575948d22b021dc,
random_frontier,36,37,True,2711.6227356373333,2710.7489993360227,0.00032232283458358393,5a6b72c73faa232956caf20deab75256cb59c9bd8c4a7b604238fad0f0fa2ad3,
random_frontier,36,38,True,2711.2026620263778,2710.7489993360227,0.00016735695206976102,8d2967a5b69cca48557a41c1a34410f5f6ad192530c4f2233dba2fc9130ce5c6,
random_frontier,36,39,True,2711.0682594314,2710.7489993360227,0.00011777560204035996,c341b52198cbe908e4eba5286fc83d12fe6fbc63e4c9796735845aaa7d5f6b18,
random_frontier,36,40,True,2711.3613047233284,2710.7489993360227,0.0002258805176929607,dc1d5f6cbb0fc1c8e672aead06a12d4882017446964afc0a31ef5a2bd13e1404,
random_frontier,36,41,True,2711.6227356373333,2710.7489993360227,0.00032232283458358393,5a6b72c73faa232956caf20deab75256cb59c9bd8c4a7b604238fad0f0fa2ad3,
random_frontier,36,42,True,2711.7480795367187,2710.7489993360227,0.0003685624161221449,b5e1e71ef4d8241ded3a3b52763aefca655345053c5180bb4914e55f7b813711,
random_frontier,36,43,True,2711.5281691739247,2710.7489993360227,0.0002874371024734381,bd818ae64a3838827def772ab2f58c611e1d1648764a90e14bdde6b4bd86a660,
random_frontier,36,44,True,2710.873966962259,2710.7489993360227,4.61007737223261e-05,c581edbb80acc715f4c2f1dddd918f7a988f5b091dc2b8e5fd3ee04529e4561a,
random_frontier,36,45,True,2710.860806555634,2710.7489993360227,4.1245876928756867e-05,dae33ff320c5b14b03ed5f5b6f401630499f1d45fadbf823e8b4a61bfe54db8b,
random_frontier,36,46,True,2710.969101661603,2710.7489993360227,8.119612905294468e-05,67c70003766c44a9eefa02c2ba65ed4b159f1e2d05b45799a13044ccab2a0962,
random_frontier,36,47,True,2711.8472373065156,2710.7489993360227,0.0004051418891095602,9ce70e0bd509115f4e6a465077a77ff84e256048bd7c3fb8dbf94f965a28f0d4,
random_frontier,36,48,True,2711.4561100791407,2710.7489993360227,0.0002608543776244641,c9a4e7eb89250408254b7c4a037bda5bd0a35387293a2de78f8d7428d94f2d65,
random_frontier,36,49,True,2711.0682594314,2710.7489993360227,0.00011777560204035996,c341b52198cbe908e4eba5286fc83d12fe6fbc63e4c9796735845aaa7d5f6b18,
random_frontier,36,50,True,2711.7480795367187,2710.7489993360227,0.0003685624161221449,b5e1e71ef4d8241ded3a3b52763aefca655345053c5180bb4914e55f7b813711,
random_frontier,36,51,True,2711.1969327260927,2710.7489993360227,0.00016524340327327914,6f322d92be2cc56891e065978bc58d02cdd95d4df984f42f7fdb746629583bdc,
random_frontier,36,52,True,2711.356952309344,2710.7489993360227,0.0002242749046370488,1a27d3df2e2b60e1ecadff22cdbb4aebfa45c469e3e56dbe961e172b7ec89b77,
random_frontier,36,53,True,2711.72189340713,2710.7489993360227,0.00035890230757099924,4f8f1c2c2f8a3c481b224d9bc48045b48d1b896509f5594ef4e4b1b807b87dc7,
random_frontier,36,54,True,2711.8472373065156,2710.7489993360227,0.0004051418891095602,9ce70e0bd509115f4e6a465077a77ff84e256048bd7c3fb8dbf94f965a28f0d4,
random_frontier,36,55,True,2711.6398787818007,2710.7489993360227,0.0003286469702640005,e59caec56540a0ffff7d43763cf6da34704f677379359887ff97a5b0ad0ed441,
random_frontier,36,56,True,2711.6398787818007,2710.7489993360227,0.0003286469702640005,e59caec56540a0ffff7d43763cf6da34704f677379359887ff97a5b0ad0ed441,
random_frontier,36,57,True,2711.7188477084537,2710.7489993360227,0.000357778744055073,55367420c5f7b9d1e7dc664338c719bf0fdd381ae92942153a9a13067959fe87,
random_frontier,36,58,True,2711.7480795367187,2710.7489993360227,0.0003685624161221449,b5e1e71ef4d8241ded3a3b52763aefca655345053c5180bb4914e55f7b813711,
random_frontier,36,59,True,2711.6273269437215,2710.7489993360227,0.00032401657546085334,1719ed4de5d84e6f4ed1bd8848990e2fe81b697f05e9d0032e8238f18e1a8b72,
random_frontier,36,60,True,2711.8472373065156,2710.7489993360227,0.0004051418891095602,9ce70e0bd509115f4e6a465077a77ff84e256048bd7c3fb8dbf94f965a28f0d4,
random_frontier,36,61,True,2711.3018197961746,2710.7489993360227,0.0002039364250571763,00098d856295d6d8f2194c75b04f797aed1db14e2c797d3894bd8366e04f76db,
random_frontier,36,62,True,2711.72189340713,2710.7489993360227,0.00035890230757099924,4f8f1c2c2f8a3c481b224d9bc48045b48d1b896509f5594ef4e4b1b807b87dc7,
random_frontier,36,63,True,2711.473014331204,2710.7489993360227,0.0002670903854833554,91de738a8739ade38844bdf4a02b61ac41136edb626fada9d222d10549642f30,
random_frontier,36,64,True,2711.7480795367187,2710.7489993360227,0.0003685624161221449,b5e1e71ef4d8241ded3a3b52763aefca655345053c5180bb4914e55f7b813711,
random_frontier,36,65,True,2711.7480795367187,2710.7489993360227,0.0003685624161221449,b5e1e71ef4d8241ded3a3b52763aefca655345053c5180bb4914e55f7b813711,
random_frontier,36,66,True,2711.356952309344,2710.7489993360227,0.0002242749046370488,1a27d3df2e2b60e1ecadff22cdbb4aebfa45c469e3e56dbe961e172b7ec89b77,
random_frontier,36,67,True,2711.8472373065156,2710.7489993360227,0.0004051418891095602,9ce70e0bd509115f4e6a465077a77ff84e256048bd7c3fb8dbf94f965a28f0d4,
random_frontier,36,68,True,2711.6273269437215,2710.7489993360227,0.00032401657546085334,1719ed4de5d84e6f4ed1bd8848990e2fe81b697f05e9d0032e8238f18e1a8b72,
random_frontier,36,69,True,2711.356952309344,2710.7489993360227,0.0002242749046370488,1a27d3df2e2b60e1ecadff22cdbb4aebfa45c469e3e56dbe961e172b7ec89b77,
random_frontier,36,70,True,2710.959964325431,2710.7489993360227,7.782534991617215e-05,9a704526cba46202dbc6c17bdfff8229be50a87cb66afbf2285c90970e0c4c64,
random_frontier,36,71,True,2711.097774956296,2710.7489993360227,0.00012866393028586386,d4e60147aeb81f6c0050392b011709cdee8e4792eb5b2f15abae2982b740b366,
random_frontier,36,72,True,2711.097774956296,2710.7489993360227,0.00012866393028586386,d4e60147aeb81f6c0050392b011709cdee8e4792eb5b2f15abae2982b740b366,
random_frontier,36,73,True,2711.0682594314,2710.7489993360227,0.00011777560204035996,c341b52198cbe908e4eba5286fc83d12fe6fbc63e4c9796735845aaa7d5f6b18,
random_frontier,36,74,True,2711.7480795367187,2710.7489993360227,0.0003685624161221449,b5e1e71ef4d8241ded3a3b52763aefca655345053c5180bb4914e55f7b813711,
random_frontier,36,75,True,2711.6398787818007,2710.7489993360227,0.0003286469702640005,e59caec56540a0ffff7d43763cf6da34704f677379359887ff97a5b0ad0ed441,
random_frontier,36,76,True,2711.6227356373333,2710.7489993360227,0.00032232283458358393,5a6b72c73faa232956caf20deab75256cb59c9bd8c4a7b604238fad0f0fa2ad3,
random_frontier,36,77,True,2711.8472373065156,2710.7489993360227,0.0004051418891095602,9ce70e0bd509115f4e6a465077a77ff84e256048bd7c3fb8dbf94f965a28f0d4,
random_frontier,36,78,True,2711.6273269437215,2710.7489993360227,0.00032401657546085334,1719ed4de5d84e6f4ed1bd8848990e2fe81b697f05e9d0032e8238f18e1a8b72,
random_frontier,36,79,True,2711.206070062264,2710.7489993360227,0.0001686141824098839,b3332c629c291c2ed22183c611da755ddbfdd71f13784f9db5761fdd1684b242,
random_frontier,36,80,True,2711.2621469535316,2710.7489993360227,0.00018930104470554543,42ba353a0900041dbbf31e41f9cd904f5412bf3b7e32b08ec63c82264cdc92f8,
random_frontier,36,81,True,2711.356952309344,2710.7489993360227,0.0002242749046370488,1a27d3df2e2b60e1ecadff22cdbb4aebfa45c469e3e56dbe961e172b7ec89b77,
random_frontier,36,82,True,2710.973124732056,2710.7489993360227,8.26802467097414e-05,9594ab483afef53a67391640261f7036e8fe723df23603299c7ef33f40cb0f56,
random_frontier,36,83,True,2711.305227832061,2710.7489993360227,0.0002051936553972992,4b175f62cadc7577d2e97a8b7a605989ab4e5d56bde2dd3d6575948d22b021dc,
random_frontier,36,84,True,2711.356952309344,2710.7489993360227,0.0002242749046370488,1a27d3df2e2b60e1ecadff22cdbb4aebfa45c469e3e56dbe961e172b7ec89b77,
random_frontier,36,85,True,2711.206070062264,2710.7489993360227,0.0001686141824098839,b3332c629c291c2ed22183c611da755ddbfdd71f13784f9db5761fdd1684b242,
random_frontier,36,86,True,2711.305227832061,2710.7489993360227,0.0002051936553972992,4b175f62cadc7577d2e97a8b7a605989ab4e5d56bde2dd3d6575948d22b021dc,
random_frontier,36,87,True,2711.6273269437215,2710.7489993360227,0.00032401657546085334,1719ed4de5d84e6f4ed1bd8848990e2fe81b697f05e9d0032e8238f18e1a8b72,
random_frontier,36,88,True,2711.4528254880606,2710.7489993360227,0.00025964268628718033,f9342046e2dcc936223179fcfa281b5916ae3c4fa161cfd0a30f78ecd538f21e,
random_frontier,36,89,True,2711.8472373065156,2710.7489993360227,0.0004051418891095602,9ce70e0bd509115f4e6a465077a77ff84e256048bd7c3fb8dbf94f965a28f0d4,
random_frontier,36,90,True,2711.8472373065156,2710.7489993360227,0.0004051418891095602,9ce70e0bd509115f4e6a465077a77ff84e256048bd7c3fb8dbf94f965a28f0d4,
random_frontier,36,91,True,2711.6227356373333,2710.7489993360227,0.00032232283458358393,5a6b72c73faa232956caf20deab75256cb59c9bd8c4a7b604238fad0f0fa2ad3,
random_frontier,36,92,True,2711.356952309344,2710.7489993360227,0.0002242749046370488,1a27d3df2e2b60e1ecadff22cdbb4aebfa45c469e3e56dbe961e172b7ec89b77,
random_frontier,36,93,True,2711.4528254880606,2710.7489993360227,0.00025964268628718033,f9342046e2dcc936223179fcfa281b5916ae3c4fa161cfd0a30f78ecd538f21e,
random_frontier,36,94,True,2711.206070062264,2710.7489993360227,0.0001686141824098839,b3332c629c291c2ed22183c611da755ddbfdd71f13784f9db5761fdd1684b242,
random_frontier,36,95,True,2711.4561100791407,2710.7489993360227,0.0002608543776244641,c9a4e7eb89250408254b7c4a037bda5bd0a35387293a2de78f8d7428d94f2d65,
random_frontier,36,96,True,2711.077550291544,2710.7489993360227,0.0001212030164363056,4fd2afe85056d4c39af843ac5aca8f9f71e7754e6668a8f0ee8b7decb81e9c92,
random_frontier,36,97,True,2711.473014331204,2710.7489993360227,0.0002670903854833554,91de738a8739ade38844bdf4a02b61ac41136edb626fada9d222d10549642f30,
random_frontier,36,98,True,2711.1969327260927,2710.7489993360227,0.00016524340327327914,6f322d92be2cc56891e065978bc58d02cdd95d4df984f42f7fdb746629583bdc,
random_frontier,36,99,True,2711.2621469535316,2710.7489993360227,0.00018930104470554543,42ba353a0900041dbbf31e41f9cd904f5412bf3b7e32b08ec63c82264cdc92f8,
random_frontier,39,0,True,2412.757646422001,2412.3449305605654,0.0001710849291107254,cdc36a4d01e0d5de07903300df999614a9645e7f807cb2b9dde1361f207e821b,
random_frontier,39,1,True,2413.1337941568668,2412.3449305605654,0.00032701111118384494,3dca7aae32109dc16879760e295827d2e763156636165935cc62ec947e89afdc,
random_frontier,39,2,True,2413.3071213590633,2412.3449305605654,0.00039886120194026245,48314e74ac209862957aabbe9116dc4cdd97459b180db3cf24f6227ad254d2a3,
random_frontier,39,3,True,2413.415199421398,2412.3449305605654,0.00044366327852786875,f4be7ebae8f8376dd4e7d0f79f81c56eb9ba69738b4fc23bab1af168d8bb058c,
random_frontier,39,4,True,2413.024383161829,2412.3449305605654,0.00028165648811496156,2fd903d9d40c326d752d5cbffad82a7d8969171e470c066df63dd3bd25eeed74,
random_frontier,39,5,True,2412.787251804894,2412.3449305605654,0.00018335737925574537,c670c43c19eac1432a1944b9484caa6c9eccc0bfd7ea6fc951950aa311df36c2,
random_frontier,39,6,True,2412.745231211283,2412.3449305605654,0.0001659383969707691,064d48509a8275605f7b06fcd556bc857b42af5e10bf56a1543818ed1b846d3d,
random_frontier,39,7,True,2412.7171415365897,2412.3449305605654,0.00015429426004089002,3b6edd5a59ead70228c84583e606d100231d4ba68b05efb7463834d6ba4382b2,
random_frontier,39,8,True,2413.074336146658,2412.3449305605654,0.0003023637195709947,aaa909f222e2070e38d4ddabf904aa3ff502d5b5c53b181f965dfc7f79d2e2f0,
random_frontier,39,9,True,2413.289981157383,2412.3449305605654,0.000391755998425111,ba55712ba7800a5f16aa3f29a2e5b3d2f6fc19d6f15f12a78f4b03ae8533ff93,
random_frontier,39,10,True,2412.8584733095868,2412.3449305605654,0.00021288114419938786,8756277bd961d47f4a4eff4b784efe0f341f7fb03a9b659a30f928cb714b9320,
random_frontier,39,11,True,2413.471693913409,2412.3449305605654,0.00046708218985161946,4509d1cdd06ca9b80cabf4bb4698510c3c0ca248430e83c321c52b1838105612,
random_frontier,39,12,True,2413.6546251523678,2412.3449305605654,0.0005429134843904715,c138b1d66c09955395c6a92d61ac0070bd6f45d0007145887e61a9708df79d5b,
random_frontier,39,13,True,2412.745231211283,2412.3449305605654,0.0001659383969707691,064d48509a8275605f7b06fcd556bc857b42af5e10bf56a1543818ed1b846d3d,
random_frontier,39,14,True,2413.3071213590633,2412.3449305605654,0.00039886120194026245,48314e74ac209862957aabbe9116dc4cdd97459b180db3cf24f6227ad254d2a3,
random_frontier,39,15,True,2413.604722024485,2412.3449305605654,0.0005222269203545502,ed69be9a071ee790013c11be4112f904c12de82a3fd1ea2d13bbafd7a606718e,
random_frontier,39,16,True,2413.114908872182,2412.3449305605654,0.0003191825107023227,6a0943a1c8978fb4b1241ab1f845927a09925027020f46baab25c8e62641a99c,
random_frontier,39,17,True,2413.604722024485,2412.3449305605654,0.0005222269203545502,ed69be9a071ee790013c11be4112f904c12de82a3fd1ea2d13bbafd7a606718e,
random_frontier,39,18,True,2413.582706239214,2412.3449305605654,0.0005131006196369294,263773d6d79ab08a61393201943c8057a9a6663406f81600e7425ffdee01a204,
random_frontier,39,19,True,2413.385006407013,2412.3449305605654,0.00043114723490467893,42ce501d7db5ed3c51e342b5695923fba8147b10970d175fa699d5e75dbc734d,
random_frontier,39,20,True,2412.963385951932,2412.3449305605654,0.00025637104525638406,b1bdfd28527d983ce6078d5a14352e78c0c116320bc89b42d931003aaedc3238,
random_frontier,39,21,True,2413.289981157383,2412.3449305605654,0.000391755998425111,ba55712ba7800a5f16aa3f29a2e5b3d2f6fc19d6f15f12a78f4b03ae8533ff93,
random_frontier,39,22,True,2413.2084832639025,2412.3449305605654,0.00035797231664395386,e344d6f7bb237aa06e79927125c0ad2f9961698f0b2c522ba1ddcb4891b27fd1,
random_frontier,39,23,True,2412.5286651513434,2412.3449305605654,7.616431151710787e-05,6adc93f0bd3bf81ad77915de096239545380a4d3c2460a88385f1917bc08448f,
random_frontier,39,24,True,2413.415199421398,2412.3449305605654,0.00044366327852786875,f4be7ebae8f8376dd4e7d0f79f81c56eb9ba69738b4fc23bab1af168d8bb058c,
random_frontier,39,25,True,2412.6868188317217,2412.3449305605654,0.00014172445524893328,a1a2451aad2ed7cdd1a8844562d86bbb1e85c57d0d9a1d7a94f6ac71dd6d1598,
random_frontier,39,26,True,2412.6868188317217,2412.3449305605654,0.00014172445524893328,a1a2451aad2ed7cdd1a8844562d86bbb1e85c57d0d9a1d7a94f6ac71dd6d1598,
random_frontier,39,27,True,2413.5292812529824,2412.3449305605654,0.000490954124102702,027de90fba833d4aa62b8893805221c5e8bfd62bdf31227d61a7f9f858d7f49b,
random_frontier,39,28,True,2413.6546251523678,2412.3449305605654,0.0005429134843904715,c138b1d66c09955395c6a92d61ac0070bd6f45d0007145887e61a9708df79d5b,
random_frontier,39,29,True,2413.49664396215,2412.3449305605654,0.0004774248437667553,d0e1ba7f2ecc32c5932519c8baa5e0dd9af144748131dab91ab6ae285879f88e,
random_frontier,39,30,True,2413.289981157383,2412.3449305605654,0.000391755998425111,ba55712ba7800a5f16aa3f29a2e5b3d2f6fc19d6f15f12a78f4b03ae8533ff93,
random_frontier,39,31,True,2413.3399341422114,2412.3449305605654,0.0004124632298809556,89ae417cbfea82c5fdee8db48f55dc50e14a918b7b45952829b5bf2cae86208a,
random_frontier,39,32,True,2413.3399341422114,2412.3449305605654,0.0004124632298809556,89ae417cbfea82c5fdee8db48f55dc50e14a918b7b45952829b5bf2cae86208a,
random_frontier,39,33,True,2413.1823453521897,2412.3449305605654,0.0003471372526439144,95c56db05b7db84329909b5e51e550cd6f7e07b71d6a6dd7923743bacabe3f46,
random_frontier,39,34,True,2413.3071213590633,2412.3449305605654,0.00039886120194026245,48314e74ac209862957aabbe9116dc4cdd97459b180db3cf24f6227ad254d2a3,
random_frontier,39,35,True,2412.8955469108623,2412.3449305605654,0.00022824942789957022,cb127255e5bdc3636b5378dc1a4c80e36323a730012b7c8391efbae248b864e5,
random_frontier,39,36,True,2413.6265852224064,2412.3449305605654,0.000531289968364176,ee6f7d5187599673dfbd328f0abbe043199b6afe4508f3ca28398bbfcc824f0a,
random_frontier,39,37,True,2413.415199421398,2412.3449305605654,0.00044366327852786875,f4be7ebae8f8376dd4e7d0f79f81c56eb9ba69738b4fc23bab1af168d8bb058c,
random_frontier,39,38,True,2413.6546251523678,2412.3449305605654,0.0005429134843904715,c138b1d66c09955395c6a92d61ac0070bd6f45d0007145887e61a9708df79d5b,
random_frontier,39,39,True,2412.84212774318,2412.3449305605654,0.0002061053443542439,5de5c8391d672b2ab5e4a2f2664f703af8634f84c5bbd0ea44340502118f9695,
random_frontier,39,40,True,2413.3399341422114,2412.3449305605654,0.0004124632298809556,89ae417cbfea82c5fdee8db48f55dc50e14a918b7b45952829b5bf2cae86208a,
random_frontier,39,41,True,2412.7210768094074,2412.3449305605654,0.00015592556606508967,f1a424e100b823e6a0828eb45233212ceb95accfa29369067f1b3eb3219e2a28,
random_frontier,39,42,True,2413.604722024485,2412.3449305605654,0.0005222269203545502,ed69be9a071ee790013c11be4112f904c12de82a3fd1ea2d13bbafd7a606718e,
random_frontier,39,43,True,2412.9640266251026,2412.3449305605654,0.00025663662633574014,d233727412f1218c9d3148d7fc52540421bce056aa76bc4e2452483cca393234,
random_frontier,39,44,True,2413.289981157383,2412.3449305605654,0.000391755998425111,ba55712ba7800a5f16aa3f29a2e5b3d2f6fc19d6f15f12a78f4b03ae8533ff93,
random_frontier,39,45,True,2413.5970378127945,2412.3449305605654,0.0005190415501393889,45f0bf804070a5d3d13991b61f1ab607b078947359a1ed6d517a79b154b4b3d0,
random_frontier,39,46,True,2413.5061304506075,2412.3449305605654,0.0004813573197313314,352eb5935c4d59ac63324d07d920f7c2e6d02378f9295b2fa5c672228c6dde6f,
random_frontier,39,47,True,2413.4888370578765,2412.3449305605654,0.0004741886132532558,e04906fe42c83a1e5313a096018418c5ec65f03c0e9c6fae24da5277c452ce99,
random_frontier,39,48,True,2412.749420580601,2412.3449305605654,0.0001676750347395871,be1f388503036972ed43ed5956fe4159c14b74ace65bc10e8cda7bc526c888da,
random_frontier,39,49,True,2413.327342586944,2412.3449305605654,0.00040724359685581244,e5609ca515868f3c3a66ed976b912322285f962649e25721cda5e3746b4dbaf9,
random_frontier,39,50,True,2413.33547089517,2412.3449305605654,0.00041061306036965735,fab19d3db14eae369aba8d0b52fb95f1ad7d734a23f751544cd50f835e4004b1,
random_frontier,39,51,True,2413.1729579216876,2412.3449305605654,0.00034324583961123486,7292e31376cc12a3288cd8bdabe7c515a12239c540e0b72e45b0c9a19c51d5e5,
random_frontier,39,52,True,2413.6265852224064,2412.3449305605654,0.000531289968364176,ee6f7d5187599673dfbd328f0abbe043199b6afe4508f3ca28398bbfcc824f0a,
random_frontier,39,53,True,2412.9296636568515,2412.3449305605654,0.00024239199331672516,366e64c9292bc20137d5df4f02400eaa8d52015797488c4790ab47f627e25c50,
random_frontier,39,54,True,2413.415199421398,2412.3449305605654,0.00044366327852786875,f4be7ebae8f8376dd4e7d0f79f81c56eb9ba69738b4fc23bab1af168d8bb058c,
random_frontier,39,55,True,2413.415199421398,2412.3449305605654,0.00044366327852786875,f4be7ebae8f8376dd4e7d0f79f81c56eb9ba69738b4fc23bab1af168d8bb058c,
random_frontier,39,56,True,2413.0470019266104,2412.3449305605654,0.00029103274459254234,f39fd0803c7ce1cd8d0f39a7b953aef5161555984d2aecee989b4d58405e4e15,
random_frontier,39,57,True,2412.9161824662797,2412.3449305605654,0.0002368035758391693,b7ee119b422a1a803b5179f52dd83d82d206638daa922496f682f5c18d179083,
random_frontier,39,58,True,2413.289981157383,2412.3449305605654,0.000391755998425111,ba55712ba7800a5f16aa3f29a2e5b3d2f6fc19d6f15f12a78f4b03ae8533ff93,
random_frontier,39,59,True,2413.3071213590633,2412.3449305605654,0.00039886120194026245,48314e74ac209862957aabbe9116dc4cdd97459b180db3cf24f6227ad254d2a3,
random_frontier,39,60,True,2413.074336146658,2412.3449305605654,0.0003023637195709947,aaa909f222e2070e38d4ddabf904aa3ff502d5b5c53b181f965dfc7f79d2e2f0,
random_frontier,39,61,True,2413.6546251523678,2412.3449305605654,0.0005429134843904715,c138b1d66c09955395c6a92d61ac0070bd6f45d0007145887e61a9708df79d5b,
random_frontier,39,62,True,2413.021095108625,2412.3449305605654,0.0002802934768961655,8bf824a2d1c3ddb4fa955a800ac061e004f42a7dea8a6548ef75ca8f2e1b6e91,
random_frontier,39,63,True,2413.074336146658,2412.3449305605654,0.0003023637195709947,aaa909f222e2070e38d4ddabf904aa3ff502d5b5c53b181f965dfc7f79d2e2f0,
random_frontier,39,64,True,2412.9083957376847,2412.3449305605654,0.00023357570883875836,d55d9f2298342202bb82d3593c44e9e0e602047ea4852123aa874a3c69702c1c,
random_frontier,39,65,True,2413.5292812529824,2412.3449305605654,0.000490954124102702,027de90fba833d4aa62b8893805221c5e8bfd62bdf31227d61a7f9f858d7f49b,
random_frontier,39,66,True,2413.5292812529824,2412.3449305605654,0.000490954124102702,027de90fba833d4aa62b8893805221c5e8bfd62bdf31227d61a7f9f858d7f49b,
random_frontier,39,67,True,2413.555381257964,2412.3449305605654,0.0005017734744580985,461f6f34d2afa7fdb74b17b3233716e5133af49ee060ba3c95765290c1d5eb59,
random_frontier,39,68,True,2413.5183844674884,2412.3449305605654,0.0004864370314780428,f4561a78fc23a4541eb898825438bc0d6f7281661e42f2205ac57439ab8ddfc7,
random_frontier,39,69,True,2413.604722024485,2412.3449305605654,0.0005222269203545502,ed69be9a071ee790013c11be4112f904c12de82a3fd1ea2d13bbafd7a606718e,
random_frontier,39,70,True,2412.8659415279694,2412.3449305605654,0.00021597697775455025,74f21df77d0210caf0571db2331107ffd114c044055432345ebdd4e88ed42cd2,
random_frontier,39,71,True,2413.195483803926,2412.3449305605654,0.0003525835930779976,c5dfde320f5b381aa79009dda0b752a19c0c3d30cea51e0515fc8f71d5372363,
random_frontier,39,72,True,2413.604722024485,2412.3449305605654,0.0005222269203545502,ed69be9a071ee790013c11be4112f904c12de82a3fd1ea2d13bbafd7a606718e,
random_frontier,39,73,True,2413.191579011839,2412.3449305605654,0.000350964922365801,f58a68505553156e0671df02023d3475439b1baa2dbc18cd781ea3b964ecb3c6,
random_frontier,39,74,True,2413.438980142081,2412.3449305605654,0.0004535212057180773,22dc266d5f906e1386fc9c1c27ff6fc3ea2ee63dcd2629b209a95c3e5eba8e15,
random_frontier,39,75,True,2413.501241323021,2412.3449305605654,0.0004793306080764065,fd84ef771709b2628e7f1e80e6db87e5cb3460020a6256a33bf5fe8b80f11ac5,
random_frontier,39,76,True,2412.6291735287173,2412.3449305605654,0.00011782849316071028,4cd37a26dcd5693e8b4ca93a736d1c2054bfa7c81959dfed9e90e657d83b4034,
random_frontier,39,77,True,2412.923586830974,2412.3449305605654,0.00023987293984277324,ace4b57aa50c632adfaddb9966c1df6c6a2f7a0ab2253c3a5007946895611af0,
random_frontier,39,78,True,2413.415199421398,2412.3449305605654,0.00044366327852786875,f4be7ebae8f8376dd4e7d0f79f81c56eb9ba69738b4fc23bab1af168d8bb058c,
random_frontier,39,79,True,2413.160969439509,2412.3449305605654,0.00033827620113750464,0cc4ef2e1d588942b47e1a2189ca360c67965100185a8f56b806a80cefb572e2,
random_frontier,39,80,True,2413.471693913409,2412.3449305605654,0.00046708218985161946,4509d1cdd06ca9b80cabf4bb4698510c3c0ca248430e83c321c52b1838105612,
random_frontier,39,81,True,2413.289981157383,2412.3449305605654,0.000391755998425111,ba55712ba7800a5f16aa3f29a2e5b3d2f6fc19d6f15f12a78f4b03ae8533ff93,
random_frontier,39,82,True,2412.9161824662797,2412.3449305605654,0.0002368035758391693,b7ee119b422a1a803b5179f52dd83d82d206638daa922496f682f5c18d179083,
random_frontier,39,83,True,2413.555381257964,2412.3449305605654,0.0005017734744580985,461f6f34d2afa7fdb74b17b3233716e5133af49ee060ba3c95765290c1d5eb59,
random_frontier,39,84,True,2413.5292812529824,2412.3449305605654,0.000490954124102702,027de90fba833d4aa62b8893805221c5e8bfd62bdf31227d61a7f9f858d7f49b,
random_frontier,39,85,True,2413.385006407013,2412.3449305605654,0.00043114723490467893,42ce501d7db5ed3c51e342b5695923fba8147b10970d175fa699d5e75dbc734d,
random_frontier,39,86,True,2413.3399341422114,2412.3449305605654,0.0004124632298809556,89ae417cbfea82c5fdee8db48f55dc50e14a918b7b45952829b5bf2cae86208a,
random_frontier,39,87,True,2413.604722024485,2412.3449305605654,0.0005222269203545502,ed69be9a071ee790013c11be4112f904c12de82a3fd1ea2d13bbafd7a606718e,
random_frontier,39,88,True,2413.4888370578765,2412.3449305605654,0.0004741886132532558,e04906fe42c83a1e5313a096018418c5ec65f03c0e9c6fae24da5277c452ce99,
random_frontier,39,89,True,2413.024383161829,2412.3449305605654,0.00028165648811496156,2fd903d9d40c326d752d5cbffad82a7d8969171e470c066df63dd3bd25eeed74,
random_frontier,39,90,True,2413.3399341422114,2412.3449305605654,0.0004124632298809556,89ae417cbfea82c5fdee8db48f55dc50e14a918b7b45952829b5bf2cae86208a,
random_frontier,39,91,True,2413.289981157383,2412.3449305605654,0.000391755998425111,ba55712ba7800a5f16aa3f29a2e5b3d2f6fc19d6f15f12a78f4b03ae8533ff93,
random_frontier,39,92,True,2413.0976154794507,2412.3449305605654,0.00031201380422424713,0ab309c0b4f49450caa50728c78c62e407b33467b11556717d19b68beaef841f,
random_frontier,39,93,True,2413.4187740387174,2412.3449305605654,0.0004451450804352528,c907e976b79e97a47c30d28727053aa3dfc6f0e18c1557c825d1eeed5c5de2a5,
random_frontier,39,94,True,2413.5970378127945,2412.3449305605654,0.0005190415501393889,45f0bf804070a5d3d13991b61f1ab607b078947359a1ed6d517a79b154b4b3d0,
random_frontier,39,95,True,2413.3569361208097,2412.3449305605654,0.0004195111351713165,2dd7dcf1393fd600eec4294f5ac058fa6498627b2a86118740d18148827bce99,
random_frontier,39,96,True,2413.2059105854196,2412.3449305605654,0.0003569058528682605,066610ada9750dca41f1e4ea67a7922ae2ddb59b667a1711efee59e9e583b057,
random_frontier,39,97,True,2413.471693913409,2412.3449305605654,0.00046708218985161946,4509d1cdd06ca9b80cabf4bb4698510c3c0ca248430e83c321c52b1838105612,
random_frontier,39,98,True,2413.3071213590633,2412.3449305605654,0.00039886120194026245,48314e74ac209862957aabbe9116dc4cdd97459b180db3cf24f6227ad254d2a3,
random_frontier,39,99,True,2413.3071213590633,2412.3449305605654,0.00039886120194026245,48314e74ac209862957aabbe9116dc4cdd97459b180db3cf24f6227ad254d2a3,
random_frontier,42,0,True,2374.4328174909974,2373.8902194904344,0.00022856912089197045,9a1b87f9cdc701ff384ef7031a38f6a3b9adb7712820193c65aef4a538f9b232,
random_frontier,42,1,True,2374.4809155494363,2373.8902194904344,0.0002488304025822443,9a8e62dc77935ce868a81bcab31ef4a2fa0b689cc46cc4adad47c24f91a6238e,
random_frontier,42,2,True,2375.2919098532284,2373.8902194904344,0.0005904613243214008,a6b8f51d55a8afb981becda93e71f5beba0c8c175c1dfaa64add9e6e43ca3101,
random_frontier,42,3,True,2375.407790747541,2373.8902194904344,0.0006392760897900708,008d4f81d55be887465ef10798e5816707444bfecbb0e33895173034a2bbaf38,
random_frontier,42,4,True,2374.918908387765,2373.8902194904344,0.0004333346541826824,69c428a9c82292a6a74856ba735fad112f52c6582a6f5305a805488a4af4b986,
random_frontier,42,5,True,2374.8718362422733,2373.8902194904344,0.00041350553777905387,3684ee7bfda82ec5809e5d19d80496c908cbf7dd8c0372705a98baac40750b48,
random_frontier,42,6,True,2375.022841934159,2373.8902194904344,0.0004771166056564656,48c47a47cf9771652bc90c125510a1eda805d19f6683ae02e57c41d618972ec4,
random_frontier,42,7,True,2375.259893424552,2373.8902194904344,0.0005769744206670206,831b14778d7d7e34eecc4889899517a3ca3371efa8a31793f16d7688e051df7a,
random_frontier,42,8,True,2374.746724507439,2373.8902194904344,0.00036080228562061203,f680df79b2e0bf1481378138d0cedd19428f71d234d9d0de16f4ebf9ce41a76f,
random_frontier,42,9,True,2375.4890685112523,2373.8902194904344,0.0006735143047857755,9d0ba164085b846fe301910351851bfb90f0bf416c92287fcf66c15916f0caa3,
random_frontier,42,10,True,2374.4328174909974,2373.8902194904344,0.00022856912089197045,9a1b87f9cdc701ff384ef7031a38f6a3b9adb7712820193c65aef4a538f9b232,
random_frontier,42,11,True,2374.273582887765,2373.8902194904344,0.00016149162845984668,3b780756f499878d7bef1a2cfda323f0d54f4cb5cdbc7e81e574308324d21a5c,
random_frontier,42,12,True,2375.4279543752623,2373.8902194904344,0.0006477700073080561,83b9b6845cab906579b2fa1b9eb4ebed0b7d09e485a94b454420a7b88d21c691,
random_frontier,42,13,True,2375.097941283877,2373.8902194904344,0.0005087521670238528,442264737343e7b726fcfa5cbe68cefc447fde53916542758a543f16402c3090,
random_frontier,42,14,True,2375.4890685112523,2373.8902194904344,0.0006735143047857755,9d0ba164085b846fe301910351851bfb90f0bf416c92287fcf66c15916f0caa3,
random_frontier,42,15,True,2375.4890685112523,2373.8902194904344,0.0006735143047857755,9d0ba164085b846fe301910351851bfb90f0bf416c92287fcf66c15916f0caa3,
random_frontier,42,16,True,2374.3726204434674,2373.8902194904344,0.0002032111464432178,0618e51bd8f42c66c5c83ce3cf38708ed2149bf41272babf72d624a26b5feaec,
random_frontier,42,17,True,2375.4172537526138,2373.8902194904344,0.0006432623756742626,7856ad291d7c0872ab3bfd45997efe401b5fda059dbc63713a12edf7d021b27c,
random_frontier,42,18,True,2375.4172537526138,2373.8902194904344,0.0006432623756742626,7856ad291d7c0872ab3bfd45997efe401b5fda059dbc63713a12edf7d021b27c,
random_frontier,42,19,True,2375.0870197026634,2373.8902194904344,0.0005041514567113531,90c0cab1219308d9ac6e93c3ac6629639cfd5d86e7431e02eabd76682bdeea4a,
random_frontier,42,20,True,2374.389877357787,2373.8902194904344,0.00021048061247748285,15a38356ddead490e615a01d096f80fe66730679751242577be54b42f32562a3,
random_frontier,42,21,True,2374.766949172191,2373.8902194904344,0.0003693219149555202,8263c8e85110f5cf48eca923e06c23df26673b465abe5694dcfddb34ac504331,
random_frontier,42,22,True,2375.363724611867,2373.8902194904344,0.0006207132534329137,0dbf662fc2e151f531b55059e297d4828648286e6f042a8fbebfa7987db3720c,
random_frontier,42,23,True,2374.3448272112214,2373.8902194904344,0.00019150326205250403,906a1821fd2b7b230d4d9d394604516a21258028dad36ba31091034d4ce7e758,
random_frontier,42,24,True,2375.3090529976957,2373.8902194904344,0.0005976828648655268,c29bcddcbc8a875ba0cb7625c3c948c828169e1767ceb6cdb897cd2afd01ca9d,
random_frontier,42,25,True,2375.407790747541,2373.8902194904344,0.0006392760897900708,008d4f81d55be887465ef10798e5816707444bfecbb0e33895173034a2bbaf38,
random_frontier,42,26,True,2375.4890685112523,2373.8902194904344,0.0006735143047857755,9d0ba164085b846fe301910351851bfb90f0bf416c92287fcf66c15916f0caa3,
random_frontier,42,27,True,2375.2919098532284,2373.8902194904344,0.0005904613243214008,a6b8f51d55a8afb981becda93e71f5beba0c8c175c1dfaa64add9e6e43ca3101,
random_frontier,42,28,True,2374.0869067454005,2373.8902194904344,8.285440217545372e-05,b33a48d341eabb3146ec3989ac899f8b9f6a7569a6a04050f40fb4e134e6e5b7,
random_frontier,42,29,True,2374.82099748227,2373.8902194904344,0.0003920897370035839,1cb6556a27100930c354c6e62d2dc2ad73e54b790670525c5eeb94a8000d44a8,
random_frontier,42,30,True,2374.5783875759967,2373.8902194904344,0.00028989044224207174,ee597831bb8afef27a0763ccf1dbcf659a401b0938fee5d7636862f78098f3b6,
random_frontier,42,31,True,2375.097941283877,2373.8902194904344,0.0005087521670238528,442264737343e7b726fcfa5cbe68cefc447fde53916542758a543f16402c3090,
random_frontier,42,32,True,2374.868766197177,2373.8902194904344,0.0004122122829052895,cb10a7e3eef95cf88f8007cd0adab0743fee6de8fa0a331075ef74d84b490d34,
random_frontier,42,33,True,2375.363724611867,2373.8902194904344,0.0006207132534329137,0dbf662fc2e151f531b55059e297d4828648286e6f042a8fbebfa7987db3720c,
random_frontier,42,34,True,2375.2919098532284,2373.8902194904344,0.0005904613243214008,a6b8f51d55a8afb981becda93e71f5beba0c8c175c1dfaa64add9e6e43ca3101,
random_frontier,42,35,True,2374.5783875759967,2373.8902194904344,0.00028989044224207174,ee597831bb8afef27a0763ccf1dbcf659a401b0938fee5d7636862f78098f3b6,
random_frontier,42,36,True,2375.244520466482,2373.8902194904344,0.0005704985702068836,a0c8d05cc2ccc3156cd3747790363c651d24c84fee7910e11c994e045b4fe70b,
random_frontier,42,37,True,2375.4890685112523,2373.8902194904344,0.0006735143047857755,9d0ba164085b846fe301910351851bfb90f0bf416c92287fcf66c15916f0caa3,
random_frontier,42,38,True,2375.2919098532284,2373.8902194904344,0.0005904613243214008,a6b8f51d55a8afb981becda93e71f5beba0c8c175c1dfaa64add9e6e43ca3101,
random_frontier,42,39,True,2374.260813223856,2373.8902194904344,0.00015611241428897173,cad63f1341fd9d2ad7d7b206901a8c65ff00e657ca5119a69c74b17a64f2096d,
random_frontier,42,40,True,2375.3090529976957,2373.8902194904344,0.0005976828648655268,c29bcddcbc8a875ba0cb7625c3c948c828169e1767ceb6cdb897cd2afd01ca9d,
random_frontier,42,41,True,2374.4809155494363,2373.8902194904344,0.0002488304025822443,9a8e62dc77935ce868a81bcab31ef4a2fa0b689cc46cc4adad47c24f91a6238e,
random_frontier,42,42,True,2375.4890685112523,2373.8902194904344,0.0006735143047857755,9d0ba164085b846fe301910351851bfb90f0bf416c92287fcf66c15916f0caa3,
random_frontier,42,43,True,2375.1345495251667,2373.8902194904344,0.000524173369314159,18be48719a3cf7d76f560fe817fd2e57a6d6a82c5608dfc7d681f36626485607,
random_frontier,42,44,True,2375.050352693586,2373.8902194904344,0.0004887054985215133,bc67de6ca8ccdb0c9289802ee3efa6355f921e68feae754f04fd3aec9ecbc7a3,
random_frontier,42,45,True,2374.216307440501,2373.8902194904344,0.00013736437657876097,eb7e9333aab73e4da741b298f55c8de72d2b570f63859e020ecb8daaada039f0,
random_frontier,42,46,True,2374.918908387765,2373.8902194904344,0.0004333346541826824,69c428a9c82292a6a74856ba735fad112f52c6582a6f5305a805488a4af4b986,
random_frontier,42,47,True,2375.1148455359407,2373.8902194904344,0.0005158730742692706,531a2fa045d61388ed30af143d2e028d78ae6bcbd4a1b908c20769dc891589eb,
random_frontier,42,48,True,2374.124724885641,2373.8902194904344,9.878527375923147e-05,13f39821643d4f272c4e28b134ede9a2cd106766681c498cfb51005d4b8bd04f,
random_frontier,42,49,True,2375.335936300044,2373.8902194904344,0.0006090074417678633,54c714b20f2c6c185a035518755b888232b97638817abfdbde7b6b534ab56d7a,
random_frontier,42,50,True,2375.363724611867,2373.8902194904344,0.0006207132534329137,0dbf662fc2e151f531b55059e297d4828648286e6f042a8fbebfa7987db3720c,
random_frontier,42,51,True,2375.3808677563343,2373.8902194904344,0.0006279347939770397,6cb34a94fa9c52faf9149c7b69086f8ed2f7ef9be259b05c3f7fbdb3e24c25b1,
random_frontier,42,52,True,2375.3808677563343,2373.8902194904344,0.0006279347939770397,6cb34a94fa9c52faf9149c7b69086f8ed2f7ef9be259b05c3f7fbdb3e24c25b1,
random_frontier,42,53,True,2374.4809155494363,2373.8902194904344,0.0002488304025822443,9a8e62dc77935ce868a81bcab31ef4a2fa0b689cc46cc4adad47c24f91a6238e,
random_frontier,42,54,True,2375.3090529976957,2373.8902194904344,0.0005976828648655268,c29bcddcbc8a875ba0cb7625c3c948c828169e1767ceb6cdb897cd2afd01ca9d,
random_frontier,42,55,True,2375.4172537526138,2373.8902194904344,0.0006432623756742626,7856ad291d7c0872ab3bfd45997efe401b5fda059dbc63713a12edf7d021b27c,
random_frontier,42,56,True,2375.2919098532284,2373.8902194904344,0.0005904613243214008,a6b8f51d55a8afb981becda93e71f5beba0c8c175c1dfaa64add9e6e43ca3101,
random_frontier,42,57,True,2375.1345495251667,2373.8902194904344,0.000524173369314159,18be48719a3cf7d76f560fe817fd2e57a6d6a82c5608dfc7d681f36626485607,
random_frontier,42,58,True,2375.2919098532284,2373.8902194904344,0.0005904613243214008,a6b8f51d55a8afb981becda93e71f5beba0c8c175c1dfaa64add9e6e43ca3101,
random_frontier,42,59,True,2375.097941283877,2373.8902194904344,0.0005087521670238528,442264737343e7b726fcfa5cbe68cefc447fde53916542758a543f16402c3090,
random_frontier,42,60,True,2375.097941283877,2373.8902194904344,0.0005087521670238528,442264737343e7b726fcfa5cbe68cefc447fde53916542758a543f16402c3090,
random_frontier,42,61,True,2375.085986946097,2373.8902194904344,0.0005037164085536942,b20a8b03ab0b74b06af12ecb0824debf05dbbb08d78048b0c08f0ee77d4f1b36,
random_frontier,42,62,True,2375.259893424552,2373.8902194904344,0.0005769744206670206,831b14778d7d7e34eecc4889899517a3ca3371efa8a31793f16d7688e051df7a,
random_frontier,42,63,True,2374.3523957787156,2373.8902194904344,0.00019469151710830963,2bb5543cbef152e70979a21c3a6ebbd91ee0fcad4096c886e78273d73214f9da,
random_frontier,42,64,True,2375.363724611867,2373.8902194904344,0.0006207132534329137,0dbf662fc2e151f531b55059e297d4828648286e6f042a8fbebfa7987db3720c,
random_frontier,42,65,True,2375.3090529976957,2373.8902194904344,0.0005976828648655268,c29bcddcbc8a875ba0cb7625c3c948c828169e1767ceb6cdb897cd2afd01ca9d,
random_frontier,42,66,True,2374.581795611883,2373.8902194904344,0.00029132607555756455,4c69dd09b8c367acda4d487466e13462701fde302562a2c1430cac4e79660056,
random_frontier,42,67,True,2375.4890685112523,2373.8902194904344,0.0006735143047857755,9d0ba164085b846fe301910351851bfb90f0bf416c92287fcf66c15916f0caa3,
random_frontier,42,68,True,2375.026126525239,2373.8902194904344,0.0004785002379125314,839cba78adb6382e2a6b75e7ada7d9ad5c3aabba72de64538076742c3a32f665,
random_frontier,42,69,True,2374.3448272112214,2373.8902194904344,0.00019150326205250403,906a1821fd2b7b230d4d9d394604516a21258028dad36ba31091034d4ce7e758,
random_frontier,42,70,True,2375.363724611867,2373.8902194904344,0.0006207132534329137,0dbf662fc2e151f531b55059e297d4828648286e6f042a8fbebfa7987db3720c,
random_frontier,42,71,True,2375.363724611867,2373.8902194904344,0.0006207132534329137,0dbf662fc2e151f531b55059e297d4828648286e6f042a8fbebfa7987db3720c,
random_frontier,42,72,True,2375.4172537526138,2373.8902194904344,0.0006432623756742626,7856ad291d7c0872ab3bfd45997efe401b5fda059dbc63713a12edf7d021b27c,
random_frontier,42,73,True,2374.5893641793773,2373.8902194904344,0.00029451433061337013,e53313b69dfd9b4b893941a9ff02d887d9f6836a0b6576b74ebc690278cb3284,
random_frontier,42,74,True,2375.363724611867,2373.8902194904344,0.0006207132534329137,0dbf662fc2e151f531b55059e297d4828648286e6f042a8fbebfa7987db3720c,
random_frontier,42,75,True,2374.998461186952,2373.8902194904344,0.0004668462287846102,bfb4872f8f87eb680b6cfac1d9cf0d1047ff3b381fd498be3bed17e81463494b,
random_frontier,42,76,True,2375.1238050863376,2373.8902194904344,0.000519647280137472,2cedadd7a81a15cdd32ff8284d4d7dea987fcd9a1def35f8677a70a52769a0d0,
random_frontier,42,77,True,2374.4809155494363,2373.8902194904344,0.0002488304025822443,9a8e62dc77935ce868a81bcab31ef4a2fa0b689cc46cc4adad47c24f91a6238e,
random_frontier,42,78,True,2375.363724611867,2373.8902194904344,0.0006207132534329137,0dbf662fc2e151f531b55059e297d4828648286e6f042a8fbebfa7987db3720c,
random_frontier,42,79,True,2375.1619321548687,2373.8902194904344,0.0005357082876002869,1885934981949b6370f9515db6364d6dbfe71190f8be64abf7bdb2aaf8eb8f82,
random_frontier,42,80,True,2374.4809155494363,2373.8902194904344,0.0002488304025822443,9a8e62dc77935ce868a81bcab31ef4a2fa0b689cc46cc4adad47c24f91a6238e,
random_frontier,42,81,True,2374.9241711648187,2373.8902194904344,0.00043555159623440376,5db5cf7c4cf4ec03a42e077a85a1216ed1094681cdd68300b6d528462e757d59,
random_frontier,42,82,True,2374.766949172191,2373.8902194904344,0.0003693219149555202,8263c8e85110f5cf48eca923e06c23df26673b465abe5694dcfddb34ac504331,
random_frontier,42,83,True,2375.1619321548687,2373.8902194904344,0.0005357082876002869,1885934981949b6370f9515db6364d6dbfe71190f8be64abf7bdb2aaf8eb8f82,
random_frontier,42,84,True,2375.1345495251667,2373.8902194904344,0.000524173369314159,18be48719a3cf7d76f560fe817fd2e57a6d6a82c5608dfc7d681f36626485607,
random_frontier,42,85,True,2375.4172537526138,2373.8902194904344,0.0006432623756742626,7856ad291d7c0872ab3bfd45997efe401b5fda059dbc63713a12edf7d021b27c,
random_frontier,42,86,True,2375.1148455359407,2373.8902194904344,0.0005158730742692706,531a2fa045d61388ed30af143d2e028d78ae6bcbd4a1b908c20769dc891589eb,
random_frontier,42,87,True,2375.151692669634,2373.8902194904344,0.000531394909858285,972a279929359b93e92c2299bda96f6d7d168b59d07390432cd796d291361e96,
random_frontier,42,88,True,2374.273582887765,2373.8902194904344,0.00016149162845984668,3b780756f499878d7bef1a2cfda323f0d54f4cb5cdbc7e81e574308324d21a5c,
random_frontier,42,89,True,2374.9896461779085,2373.8902194904344,0.00046313291088501785,f953ab4280acdc9d9678b0048f1fa2a370345f48278dea448ddadbb5a2388fa3,
random_frontier,42,90,True,2374.566628179693,2373.8902194904344,0.0002849368027657762,65ef488c6e8ab64e2d7f4f105c3acdccde3aded08dca8a2831dd5074f7b3301a,
random_frontier,42,91,True,2374.9896461779085,2373.8902194904344,0.00046313291088501785,f953ab4280acdc9d9678b0048f1fa2a370345f48278dea448ddadbb5a2388fa3,
random_frontier,42,92,True,2375.4890685112523,2373.8902194904344,0.0006735143047857755,9d0ba164085b846fe301910351851bfb90f0bf416c92287fcf66c15916f0caa3,
random_frontier,42,93,True,2374.9896461779085,2373.8902194904344,0.00046313291088501785,f953ab4280acdc9d9678b0048f1fa2a370345f48278dea448ddadbb5a2388fa3,
random_frontier,42,94,True,2375.2919098532284,2373.8902194904344,0.0005904613243214008,a6b8f51d55a8afb981becda93e71f5beba0c8c175c1dfaa64add9e6e43ca3101,
random_frontier,42,95,True,2374.9606430467115,2373.8902194904344,0.00045091535720083247,1e3a532999083682732e7a8062fbb4c13ea73c2c6d5e83333412094262a1a7db,
random_frontier,42,96,True,2374.3523957787156,2373.8902194904344,0.00019469151710830963,2bb5543cbef152e70979a21c3a6ebbd91ee0fcad4096c886e78273d73214f9da,
random_frontier,42,97,True,2374.9784982460887,2373.8902194904344,0.0004584368504993059,5c0580c001beb3677d3496ddc6bdd0afd354419930f75deb766ec75a34538961,
random_frontier,42,98,True,2375.363724611867,2373.8902194904344,0.0006207132534329137,0dbf662fc2e151f531b55059e297d4828648286e6f042a8fbebfa7987db3720c,
random_frontier,42,99,True,2374.1784893002605,2373.8902194904344,0.00012143350499498321,6b1f4cc8e1fe5959b9e29c2a90e3a213f2367d4683e4c58a3da59fb9682e07f6,
random_frontier,46,0,True,1194.9513235411628,1194.9513235411628,0.0,f9985afc6ac0193e36277238dd430c30a1f8afeb80e542c27beef646674fb533,
random_frontier,46,1,True,1194.9513235411628,1194.9513235411628,0.0,f9985afc6ac0193e36277238dd430c30a1f8afeb80e542c27beef646674fb533,
random_frontier,46,2,True,1195.2173457615563,1194.9513235411628,0.00022262180488257194,cd9a77832757e20be1a1b29f11756765bd8149ca2edf3068750c36101b3b1db9,
random_frontier,46,3,True,1194.9513235411628,1194.9513235411628,0.0,f9985afc6ac0193e36277238dd430c30a1f8afeb80e542c27beef646674fb533,
random_frontier,46,4,True,1194.9513235411628,1194.9513235411628,0.0,f9985afc6ac0193e36277238dd430c30a1f8afeb80e542c27beef646674fb533,
random_frontier,46,5,True,1194.9513235411628,1194.9513235411628,0.0,f9985afc6ac0193e36277238dd430c30a1f8afeb80e542c27beef646674fb533,
random_frontier,46,6,True,1195.2173457615563,1194.9513235411628,0.00022262180488257194,cd9a77832757e20be1a1b29f11756765bd8149ca2edf3068750c36101b3b1db9,
random_frontier,46,7,True,1195.2173457615563,1194.9513235411628,0.00022262180488257194,cd9a77832757e20be1a1b29f11756765bd8149ca2edf3068750c36101b3b1db9,
random_frontier,46,8,True,1195.2173457615563,1194.9513235411628,0.00022262180488257194,cd9a77832757e20be1a1b29f11756765bd8149ca2edf3068750c36101b3b1db9,
random_frontier,46,9,True,1195.2173457615563,1194.9513235411628,0.00022262180488257194,cd9a77832757e20be1a1b29f11756765bd8149ca2edf3068750c36101b3b1db9,
random_frontier,46,10,True,1195.2173457615563,1194.9513235411628,0.00022262180488257194,cd9a77832757e20be1a1b29f11756765bd8149ca2edf3068750c36101b3b1db9,
random_frontier,46,11,True,1194.9513235411628,1194.9513235411628,0.0,f9985afc6ac0193e36277238dd430c30a1f8afeb80e542c27beef646674fb533,
random_frontier,46,12,True,1194.9513235411628,1194.9513235411628,0.0,f9985afc6ac0193e36277238dd430c30a1f8afeb80e542c27beef646674fb533,
random_frontier,46,13,True,1194.9513235411628,1194.9513235411628,0.0,f9985afc6ac0193e36277238dd430c30a1f8afeb80e542c27beef646674fb533,
random_frontier,46,14,True,1194.9513235411628,1194.9513235411628,0.0,f9985afc6ac0193e36277238dd430c30a1f8afeb80e542c27beef646674fb533,
random_frontier,46,15,True,1194.9513235411628,1194.9513235411628,0.0,f9985afc6ac0193e36277238dd430c30a1f8afeb80e542c27beef646674fb533,
random_frontier,46,16,True,1195.2173457615563,1194.9513235411628,0.00022262180488257194,cd9a77832757e20be1a1b29f11756765bd8149ca2edf3068750c36101b3b1db9,
random_frontier,46,17,True,1194.9513235411628,1194.9513235411628,0.0,f9985afc6ac0193e36277238dd430c30a1f8afeb80e542c27beef646674fb533,
random_frontier,46,18,True,1194.9513235411628,1194.9513235411628,0.0,f9985afc6ac0193e36277238dd430c30a1f8afeb80e542c27beef646674fb533,
random_frontier,46,19,True,1195.2173457615563,1194.9513235411628,0.00022262180488257194,cd9a77832757e20be1a1b29f11756765bd8149ca2edf3068750c36101b3b1db9,
random_frontier,46,20,True,1194.9513235411628,1194.9513235411628,0.0,f9985afc6ac0193e36277238dd430c30a1f8afeb80e542c27beef646674fb533,
random_frontier,46,21,True,1194.9513235411628,1194.9513235411628,0.0,f9985afc6ac0193e36277238dd430c30a1f8afeb80e542c27beef646674fb533,
random_frontier,46,22,True,1194.9513235411628,1194.9513235411628,0.0,f9985afc6ac0193e36277238dd430c30a1f8afeb80e542c27beef646674fb533,
random_frontier,46,23,True,1195.2173457615563,1194.9513235411628,0.00022262180488257194,cd9a77832757e20be1a1b29f11756765bd8149ca2edf3068750c36101b3b1db9,
random_frontier,46,24,True,1195.2173457615563,1194.9513235411628,0.00022262180488257194,cd9a77832757e20be1a1b29f11756765bd8149ca2edf3068750c36101b3b1db9,
random_frontier,46,25,True,1194.9513235411628,1194.9513235411628,0.0,f9985afc6ac0193e36277238dd430c30a1f8afeb80e542c27beef646674fb533,
random_frontier,46,26,True,1194.9513235411628,1194.9513235411628,0.0,f9985afc6ac0193e36277238dd430c30a1f8afeb80e542c27beef646674fb533,
random_frontier,46,27,True,1194.9513235411628,1194.9513235411628,0.0,f9985afc6ac0193e36277238dd430c30a1f8afeb80e542c27beef646674fb533,
random_frontier,46,28,True,1195.2173457615563,1194.9513235411628,0.00022262180488257194,cd9a77832757e20be1a1b29f11756765bd8149ca2edf3068750c36101b3b1db9,
random_frontier,46,29,True,1195.2173457615563,1194.9513235411628,0.00022262180488257194,cd9a77832757e20be1a1b29f11756765bd8149ca2edf3068750c36101b3b1db9,
random_frontier,46,30,True,1195.2173457615563,1194.9513235411628,0.00022262180488257194,cd9a77832757e20be1a1b29f11756765bd8149ca2edf3068750c36101b3b1db9,
random_frontier,46,31,True,1194.9513235411628,1194.9513235411628,0.0,f9985afc6ac0193e36277238dd430c30a1f8afeb80e542c27beef646674fb533,
random_frontier,46,32,True,1195.2173457615563,1194.9513235411628,0.00022262180488257194,cd9a77832757e20be1a1b29f11756765bd8149ca2edf3068750c36101b3b1db9,
random_frontier,46,33,True,1195.2173457615563,1194.9513235411628,0.00022262180488257194,cd9a77832757e20be1a1b29f11756765bd8149ca2edf3068750c36101b3b1db9,
random_frontier,46,34,True,1194.9513235411628,1194.9513235411628,0.0,f9985afc6ac0193e36277238dd430c30a1f8afeb80e542c27beef646674fb533,
random_frontier,46,35,True,1195.2173457615563,1194.9513235411628,0.00022262180488257194,cd9a77832757e20be1a1b29f11756765bd8149ca2edf3068750c36101b3b1db9,
random_frontier,46,36,True,1194.9513235411628,1194.9513235411628,0.0,f9985afc6ac0193e36277238dd430c30a1f8afeb80e542c27beef646674fb533,
random_frontier,46,37,True,1195.2173457615563,1194.9513235411628,0.00022262180488257194,cd9a77832757e20be1a1b29f11756765bd8149ca2edf3068750c36101b3b1db9,
random_frontier,46,38,True,1195.2173457615563,1194.9513235411628,0.00022262180488257194,cd9a77832757e20be1a1b29f11756765bd8149ca2edf3068750c36101b3b1db9,
random_frontier,46,39,True,1195.2173457615563,1194.9513235411628,0.00022262180488257194,cd9a77832757e20be1a1b29f11756765bd8149ca2edf3068750c36101b3b1db9,
random_frontier,46,40,True,1194.9513235411628,1194.9513235411628,0.0,f9985afc6ac0193e36277238dd430c30a1f8afeb80e542c27beef646674fb533,
random_frontier,46,41,True,1194.9513235411628,1194.9513235411628,0.0,f9985afc6ac0193e36277238dd430c30a1f8afeb80e542c27beef646674fb533,
random_frontier,46,42,True,1195.2173457615563,1194.9513235411628,0.00022262180488257194,cd9a77832757e20be1a1b29f11756765bd8149ca2edf3068750c36101b3b1db9,
random_frontier,46,43,True,1195.2173457615563,1194.9513235411628,0.00022262180488257194,cd9a77832757e20be1a1b29f11756765bd8149ca2edf3068750c36101b3b1db9,
random_frontier,46,44,True,1194.9513235411628,1194.9513235411628,0.0,f9985afc6ac0193e36277238dd430c30a1f8afeb80e542c27beef646674fb533,
random_frontier,46,45,True,1194.9513235411628,1194.9513235411628,0.0,f9985afc6ac0193e36277238dd430c30a1f8afeb80e542c27beef646674fb533,
random_frontier,46,46,True,1195.2173457615563,1194.9513235411628,0.00022262180488257194,cd9a77832757e20be1a1b29f11756765bd8149ca2edf3068750c36101b3b1db9,
random_frontier,46,47,True,1195.2173457615563,1194.9513235411628,0.00022262180488257194,cd9a77832757e20be1a1b29f11756765bd8149ca2edf3068750c36101b3b1db9,
random_frontier,46,48,True,1195.2173457615563,1194.9513235411628,0.00022262180488257194,cd9a77832757e20be1a1b29f11756765bd8149ca2edf3068750c36101b3b1db9,
random_frontier,46,49,True,1194.9513235411628,1194.9513235411628,0.0,f9985afc6ac0193e36277238dd430c30a1f8afeb80e542c27beef646674fb533,
random_frontier,46,50,True,1195.2173457615563,1194.9513235411628,0.00022262180488257194,cd9a77832757e20be1a1b29f11756765bd8149ca2edf3068750c36101b3b1db9,
random_frontier,46,51,True,1194.9513235411628,1194.9513235411628,0.0,f9985afc6ac0193e36277238dd430c30a1f8afeb80e542c27beef646674fb533,
random_frontier,46,52,True,1195.2173457615563,1194.9513235411628,0.00022262180488257194,cd9a77832757e20be1a1b29f11756765bd8149ca2edf3068750c36101b3b1db9,
random_frontier,46,53,True,1194.9513235411628,1194.9513235411628,0.0,f9985afc6ac0193e36277238dd430c30a1f8afeb80e542c27beef646674fb533,
random_frontier,46,54,True,1195.2173457615563,1194.9513235411628,0.00022262180488257194,cd9a77832757e20be1a1b29f11756765bd8149ca2edf3068750c36101b3b1db9,
random_frontier,46,55,True,1195.2173457615563,1194.9513235411628,0.00022262180488257194,cd9a77832757e20be1a1b29f11756765bd8149ca2edf3068750c36101b3b1db9,
random_frontier,46,56,True,1194.9513235411628,1194.9513235411628,0.0,f9985afc6ac0193e36277238dd430c30a1f8afeb80e542c27beef646674fb533,
random_frontier,46,57,True,1194.9513235411628,1194.9513235411628,0.0,f9985afc6ac0193e36277238dd430c30a1f8afeb80e542c27beef646674fb533,
random_frontier,46,58,True,1195.2173457615563,1194.9513235411628,0.00022262180488257194,cd9a77832757e20be1a1b29f11756765bd8149ca2edf3068750c36101b3b1db9,
random_frontier,46,59,True,1195.2173457615563,1194.9513235411628,0.00022262180488257194,cd9a77832757e20be1a1b29f11756765bd8149ca2edf3068750c36101b3b1db9,
random_frontier,46,60,True,1195.2173457615563,1194.9513235411628,0.00022262180488257194,cd9a77832757e20be1a1b29f11756765bd8149ca2edf3068750c36101b3b1db9,
random_frontier,46,61,True,1194.9513235411628,1194.9513235411628,0.0,f9985afc6ac0193e36277238dd430c30a1f8afeb80e542c27beef646674fb533,
random_frontier,46,62,True,1194.9513235411628,1194.9513235411628,0.0,f9985afc6ac0193e36277238dd430c30a1f8afeb80e542c27beef646674fb533,
random_frontier,46,63,True,1194.9513235411628,1194.9513235411628,0.0,f9985afc6ac0193e36277238dd430c30a1f8afeb80e542c27beef646674fb533,
random_frontier,46,64,True,1194.9513235411628,1194.9513235411628,0.0,f9985afc6ac0193e36277238dd430c30a1f8afeb80e542c27beef646674fb533,
random_frontier,46,65,True,1194.9513235411628,1194.9513235411628,0.0,f9985afc6ac0193e36277238dd430c30a1f8afeb80e542c27beef646674fb533,
random_frontier,46,66,True,1194.9513235411628,1194.9513235411628,0.0,f9985afc6ac0193e36277238dd430c30a1f8afeb80e542c27beef646674fb533,
random_frontier,46,67,True,1194.9513235411628,1194.9513235411628,0.0,f9985afc6ac0193e36277238dd430c30a1f8afeb80e542c27beef646674fb533,
random_frontier,46,68,True,1194.9513235411628,1194.9513235411628,0.0,f9985afc6ac0193e36277238dd430c30a1f8afeb80e542c27beef646674fb533,
random_frontier,46,69,True,1194.9513235411628,1194.9513235411628,0.0,f9985afc6ac0193e36277238dd430c30a1f8afeb80e542c27beef646674fb533,
random_frontier,46,70,True,1194.9513235411628,1194.9513235411628,0.0,f9985afc6ac0193e36277238dd430c30a1f8afeb80e542c27beef646674fb533,
random_frontier,46,71,True,1195.2173457615563,1194.9513235411628,0.00022262180488257194,cd9a77832757e20be1a1b29f11756765bd8149ca2edf3068750c36101b3b1db9,
random_frontier,46,72,True,1195.2173457615563,1194.9513235411628,0.00022262180488257194,cd9a77832757e20be1a1b29f11756765bd8149ca2edf3068750c36101b3b1db9,
random_frontier,46,73,True,1195.2173457615563,1194.9513235411628,0.00022262180488257194,cd9a77832757e20be1a1b29f11756765bd8149ca2edf3068750c36101b3b1db9,
random_frontier,46,74,True,1194.9513235411628,1194.9513235411628,0.0,f9985afc6ac0193e36277238dd430c30a1f8afeb80e542c27beef646674fb533,
random_frontier,46,75,True,1194.9513235411628,1194.9513235411628,0.0,f9985afc6ac0193e36277238dd430c30a1f8afeb80e542c27beef646674fb533,
random_frontier,46,76,True,1194.9513235411628,1194.9513235411628,0.0,f9985afc6ac0193e36277238dd430c30a1f8afeb80e542c27beef646674fb533,
random_frontier,46,77,True,1194.9513235411628,1194.9513235411628,0.0,f9985afc6ac0193e36277238dd430c30a1f8afeb80e542c27beef646674fb533,
random_frontier,46,78,True,1194.9513235411628,1194.9513235411628,0.0,f9985afc6ac0193e36277238dd430c30a1f8afeb80e542c27beef646674fb533,
random_frontier,46,79,True,1195.2173457615563,1194.9513235411628,0.00022262180488257194,cd9a77832757e20be1a1b29f11756765bd8149ca2edf3068750c36101b3b1db9,
random_frontier,46,80,True,1195.2173457615563,1194.9513235411628,0.00022262180488257194,cd9a77832757e20be1a1b29f11756765bd8149ca2edf3068750c36101b3b1db9,
random_frontier,46,81,True,1194.9513235411628,1194.9513235411628,0.0,f9985afc6ac0193e36277238dd430c30a1f8afeb80e542c27beef646674fb533,
random_frontier,46,82,True,1195.2173457615563,1194.9513235411628,0.00022262180488257194,cd9a77832757e20be1a1b29f11756765bd8149ca2edf3068750c36101b3b1db9,
random_frontier,46,83,True,1195.2173457615563,1194.9513235411628,0.00022262180488257194,cd9a77832757e20be1a1b29f11756765bd8149ca2edf3068750c36101b3b1db9,
random_frontier,46,84,True,1195.2173457615563,1194.9513235411628,0.00022262180488257194,cd9a77832757e20be1a1b29f11756765bd8149ca2edf3068750c36101b3b1db9,
random_frontier,46,85,True,1195.2173457615563,1194.9513235411628,0.00022262180488257194,cd9a77832757e20be1a1b29f11756765bd8149ca2edf3068750c36101b3b1db9,
random_frontier,46,86,True,1194.9513235411628,1194.9513235411628,0.0,f9985afc6ac0193e36277238dd430c30a1f8afeb80e542c27beef646674fb533,
random_frontier,46,87,True,1194.9513235411628,1194.9513235411628,0.0,f9985afc6ac0193e36277238dd430c30a1f8afeb80e542c27beef646674fb533,
random_frontier,46,88,True,1194.9513235411628,1194.9513235411628,0.0,f9985afc6ac0193e36277238dd430c30a1f8afeb80e542c27beef646674fb533,
random_frontier,46,89,True,1195.2173457615563,1194.9513235411628,0.00022262180488257194,cd9a77832757e20be1a1b29f11756765bd8149ca2edf3068750c36101b3b1db9,
random_frontier,46,90,True,1195.2173457615563,1194.9513235411628,0.00022262180488257194,cd9a77832757e20be1a1b29f11756765bd8149ca2edf3068750c36101b3b1db9,
random_frontier,46,91,True,1194.9513235411628,1194.9513235411628,0.0,f9985afc6ac0193e36277238dd430c30a1f8afeb80e542c27beef646674fb533,
random_frontier,46,92,True,1194.9513235411628,1194.9513235411628,0.0,f9985afc6ac0193e36277238dd430c30a1f8afeb80e542c27beef646674fb533,
random_frontier,46,93,True,1194.9513235411628,1194.9513235411628,0.0,f9985afc6ac0193e36277238dd430c30a1f8afeb80e542c27beef646674fb533,
random_frontier,46,94,True,1194.9513235411628,1194.9513235411628,0.0,f9985afc6ac0193e36277238dd430c30a1f8afeb80e542c27beef646674fb533,
random_frontier,46,95,True,1194.9513235411628,1194.9513235411628,0.0,f9985afc6ac0193e36277238dd430c30a1f8afeb80e542c27beef646674fb533,
random_frontier,46,96,True,1194.9513235411628,1194.9513235411628,0.0,f9985afc6ac0193e36277238dd430c30a1f8afeb80e542c27beef646674fb533,
random_frontier,46,97,True,1195.2173457615563,1194.9513235411628,0.00022262180488257194,cd9a77832757e20be1a1b29f11756765bd8149ca2edf3068750c36101b3b1db9,
random_frontier,46,98,True,1194.9513235411628,1194.9513235411628,0.0,f9985afc6ac0193e36277238dd430c30a1f8afeb80e542c27beef646674fb533,
random_frontier,46,99,True,1194.9513235411628,1194.9513235411628,0.0,f9985afc6ac0193e36277238dd430c30a1f8afeb80e542c27beef646674fb533,
random_frontier,52,0,True,2348.760893412882,2347.887157111571,0.0003721372633538093,3a875751fd13e4ecb29118cbb5c4d52c19500318214df2385558660c008623ee,
random_frontier,52,1,True,2348.760893412882,2347.887157111571,0.0003721372633538093,3a875751fd13e4ecb29118cbb5c4d52c19500318214df2385558660c008623ee,
random_frontier,52,2,True,2347.998964331183,2347.887157111571,4.7620354868062387e-05,05c6453316d4458469ac9f0f7ae4ea71e8cc4ac6265cfd50bd6b2dbf3426f4cb,
random_frontier,52,3,True,2348.886237312267,2347.887157111571,0.00042552309112038606,2646ab6c5b7d4186ef0f6e5a56947e780673ba70ddaafda1c2a166333cbd4c30,
random_frontier,52,4,True,2348.495110084892,2347.887157111571,0.0002589361977979303,b4581e2cadbc8a7498ce6deddca754cc927489978ed7da1b9ca9f5ebd8633cf0,
random_frontier,52,5,True,2348.760893412882,2347.887157111571,0.0003721372633538093,3a875751fd13e4ecb29118cbb5c4d52c19500318214df2385558660c008623ee,
random_frontier,52,6,True,2348.495110084892,2347.887157111571,0.0002589361977979303,b4581e2cadbc8a7498ce6deddca754cc927489978ed7da1b9ca9f5ebd8633cf0,
random_frontier,52,7,True,2348.495110084892,2347.887157111571,0.0002589361977979303,b4581e2cadbc8a7498ce6deddca754cc927489978ed7da1b9ca9f5ebd8633cf0,
random_frontier,52,8,True,2348.235932731844,2347.887157111571,0.00014854871505073423,8f15316b5a0ba539f0c9d3b84b936718f4b64d40bf5142556a0ddd4ee3dd2dd1,
random_frontier,52,9,True,2348.3868149789237,2347.887157111571,0.00021281170427600292,0f50a5ab1d2151a63eabaf179e4bc170c8f5e8bdf01a5499df2bd8c4da525287,
random_frontier,52,10,True,2348.886237312267,2347.887157111571,0.00042552309112038606,2646ab6c5b7d4186ef0f6e5a56947e780673ba70ddaafda1c2a166333cbd4c30,
random_frontier,52,11,True,2348.886237312267,2347.887157111571,0.00042552309112038606,2646ab6c5b7d4186ef0f6e5a56947e780673ba70ddaafda1c2a166333cbd4c30,
random_frontier,52,12,True,2348.760893412882,2347.887157111571,0.0003721372633538093,3a875751fd13e4ecb29118cbb5c4d52c19500318214df2385558660c008623ee,
random_frontier,52,13,True,2348.495110084892,2347.887157111571,0.0002589361977979303,b4581e2cadbc8a7498ce6deddca754cc927489978ed7da1b9ca9f5ebd8633cf0,
random_frontier,52,14,True,2347.998964331183,2347.887157111571,4.7620354868062387e-05,05c6453316d4458469ac9f0f7ae4ea71e8cc4ac6265cfd50bd6b2dbf3426f4cb,
random_frontier,52,15,True,2348.760893412882,2347.887157111571,0.0003721372633538093,3a875751fd13e4ecb29118cbb5c4d52c19500318214df2385558660c008623ee,
random_frontier,52,16,True,2348.0121247378074,2347.887157111571,5.3225567445988404e-05,1e0015b9cb8735e22e8481867de1de2c44da147c6184cbcd71a2d2142eb05392,
random_frontier,52,17,True,2348.778036557349,2347.887157111571,0.0003794387831116794,1624256efaa6025c8053692551d0db1701871ef591cd8700eef3fda6c7449c99,
random_frontier,52,18,True,2348.235932731844,2347.887157111571,0.00014854871505073423,8f15316b5a0ba539f0c9d3b84b936718f4b64d40bf5142556a0ddd4ee3dd2dd1,
random_frontier,52,19,True,2348.495110084892,2347.887157111571,0.0002589361977979303,b4581e2cadbc8a7498ce6deddca754cc927489978ed7da1b9ca9f5ebd8633cf0,
random_frontier,52,20,True,2348.495110084892,2347.887157111571,0.0002589361977979303,b4581e2cadbc8a7498ce6deddca754cc927489978ed7da1b9ca9f5ebd8633cf0,
random_frontier,52,21,True,2347.998964331183,2347.887157111571,4.7620354868062387e-05,05c6453316d4458469ac9f0f7ae4ea71e8cc4ac6265cfd50bd6b2dbf3426f4cb,
random_frontier,52,22,True,2348.235932731844,2347.887157111571,0.00014854871505073423,8f15316b5a0ba539f0c9d3b84b936718f4b64d40bf5142556a0ddd4ee3dd2dd1,
random_frontier,52,23,True,2348.778036557349,2347.887157111571,0.0003794387831116794,1624256efaa6025c8053692551d0db1701871ef591cd8700eef3fda6c7449c99,
random_frontier,52,24,True,2348.235932731844,2347.887157111571,0.00014854871505073423,8f15316b5a0ba539f0c9d3b84b936718f4b64d40bf5142556a0ddd4ee3dd2dd1,
random_frontier,52,25,True,2348.7578477142056,2347.887157111571,0.0003708400550670897,2386e674571f1c8330601079ad7b5f432bba71a547968ae81c3460b48876fe04,
random_frontier,52,26,True,2348.7578477142056,2347.887157111571,0.0003708400550670897,2386e674571f1c8330601079ad7b5f432bba71a547968ae81c3460b48876fe04,
random_frontier,52,27,True,2348.495110084892,2347.887157111571,0.0002589361977979303,b4581e2cadbc8a7498ce6deddca754cc927489978ed7da1b9ca9f5ebd8633cf0,
random_frontier,52,28,True,2348.886237312267,2347.887157111571,0.00042552309112038606,2646ab6c5b7d4186ef0f6e5a56947e780673ba70ddaafda1c2a166333cbd4c30,
random_frontier,52,29,True,2348.760893412882,2347.887157111571,0.0003721372633538093,3a875751fd13e4ecb29118cbb5c4d52c19500318214df2385558660c008623ee,
random_frontier,52,30,True,2348.760893412882,2347.887157111571,0.0003721372633538093,3a875751fd13e4ecb29118cbb5c4d52c19500318214df2385558660c008623ee,
random_frontier,52,31,True,2348.886237312267,2347.887157111571,0.00042552309112038606,2646ab6c5b7d4186ef0f6e5a56947e780673ba70ddaafda1c2a166333cbd4c30,
random_frontier,52,32,True,2348.491825493812,2347.887157111571,0.00025753724168962785,db87473241124639405acfb3806324c0100d03e4b5eb5df8db42978a9cf3e470,
random_frontier,52,33,True,2348.495110084892,2347.887157111571,0.0002589361977979303,b4581e2cadbc8a7498ce6deddca754cc927489978ed7da1b9ca9f5ebd8633cf0,
random_frontier,52,34,True,2348.778036557349,2347.887157111571,0.0003794387831116794,1624256efaa6025c8053692551d0db1701871ef591cd8700eef3fda6c7449c99,
random_frontier,52,35,True,2348.3868149789237,2347.887157111571,0.00021281170427600292,0f50a5ab1d2151a63eabaf179e4bc170c8f5e8bdf01a5499df2bd8c4da525287,
random_frontier,52,36,True,2348.3868149789237,2347.887157111571,0.00021281170427600292,0f50a5ab1d2151a63eabaf179e4bc170c8f5e8bdf01a5499df2bd8c4da525287,
random_frontier,52,37,True,2348.495110084892,2347.887157111571,0.0002589361977979303,b4581e2cadbc8a7498ce6deddca754cc927489978ed7da1b9ca9f5ebd8633cf0,
random_frontier,52,38,True,2348.3868149789237,2347.887157111571,0.00021281170427600292,0f50a5ab1d2151a63eabaf179e4bc170c8f5e8bdf01a5499df2bd8c4da525287,
random_frontier,52,39,True,2348.760893412882,2347.887157111571,0.0003721372633538093,3a875751fd13e4ecb29118cbb5c4d52c19500318214df2385558660c008623ee,
random_frontier,52,40,True,2348.491825493812,2347.887157111571,0.00025753724168962785,db87473241124639405acfb3806324c0100d03e4b5eb5df8db42978a9cf3e470,
random_frontier,52,41,True,2348.760893412882,2347.887157111571,0.0003721372633538093,3a875751fd13e4ecb29118cbb5c4d52c19500318214df2385558660c008623ee,
random_frontier,52,42,True,2348.760893412882,2347.887157111571,0.0003721372633538093,3a875751fd13e4ecb29118cbb5c4d52c19500318214df2385558660c008623ee,
random_frontier,52,43,True,2348.7578477142056,2347.887157111571,0.0003708400550670897,2386e674571f1c8330601079ad7b5f432bba71a547968ae81c3460b48876fe04,
random_frontier,52,44,True,2348.3868149789237,2347.887157111571,0.00021281170427600292,0f50a5ab1d2151a63eabaf179e4bc170c8f5e8bdf01a5499df2bd8c4da525287,
random_frontier,52,45,True,2348.3868149789237,2347.887157111571,0.00021281170427600292,0f50a5ab1d2151a63eabaf179e4bc170c8f5e8bdf01a5499df2bd8c4da525287,
random_frontier,52,46,True,2348.760893412882,2347.887157111571,0.0003721372633538093,3a875751fd13e4ecb29118cbb5c4d52c19500318214df2385558660c008623ee,
random_frontier,52,47,True,2347.887157111571,2347.887157111571,0.0,49774c547a3c23f4af0142e5b80c71039de8bbbd013b9aae7409f8896b7214ef,
random_frontier,52,48,True,2348.7578477142056,2347.887157111571,0.0003708400550670897,2386e674571f1c8330601079ad7b5f432bba71a547968ae81c3460b48876fe04,
random_frontier,52,49,True,2348.495110084892,2347.887157111571,0.0002589361977979303,b4581e2cadbc8a7498ce6deddca754cc927489978ed7da1b9ca9f5ebd8633cf0,
random_frontier,52,50,True,2348.6663269494734,2347.887157111571,0.00033186000253135117,685bd6855cce4a662f9858e39519c4a434ad7e7fbfd928f24e9e1ea24983654e,
random_frontier,52,51,True,2348.760893412882,2347.887157111571,0.0003721372633538093,3a875751fd13e4ecb29118cbb5c4d52c19500318214df2385558660c008623ee,
random_frontier,52,52,True,2348.778036557349,2347.887157111571,0.0003794387831116794,1624256efaa6025c8053692551d0db1701871ef591cd8700eef3fda6c7449c99,
random_frontier,52,53,True,2348.1072594371512,2347.887157111571,9.374484838998979e-05,daed4e71d04199ab15121d705d7366bdc02ba9098a7341edf20738e4d4854d01,
random_frontier,52,54,True,2348.3868149789237,2347.887157111571,0.00021281170427600292,0f50a5ab1d2151a63eabaf179e4bc170c8f5e8bdf01a5499df2bd8c4da525287,
random_frontier,52,55,True,2348.495110084892,2347.887157111571,0.0002589361977979303,b4581e2cadbc8a7498ce6deddca754cc927489978ed7da1b9ca9f5ebd8633cf0,
random_frontier,52,56,True,2348.760893412882,2347.887157111571,0.0003721372633538093,3a875751fd13e4ecb29118cbb5c4d52c19500318214df2385558660c008623ee,
random_frontier,52,57,True,2348.2492990371943,2347.887157111571,0.0001542416229529562,3aeaf146f296b6e4932c76427814db51a0c485c3e4d2f5e32da5d551c2d6d4a6,
random_frontier,52,58,True,2348.778036557349,2347.887157111571,0.0003794387831116794,1624256efaa6025c8053692551d0db1701871ef591cd8700eef3fda6c7449c99,
random_frontier,52,59,True,2348.3442278378125,2347.887157111571,0.0001946732085726616,d5c3bbbf1ac45dae9dd8878357b90f6f0b306b6ee850c5442b396d9a1d61cf72,
random_frontier,52,60,True,2348.7578477142056,2347.887157111571,0.0003708400550670897,2386e674571f1c8330601079ad7b5f432bba71a547968ae81c3460b48876fe04,
random_frontier,52,61,True,2348.0121247378074,2347.887157111571,5.3225567445988404e-05,1e0015b9cb8735e22e8481867de1de2c44da147c6184cbcd71a2d2142eb05392,
random_frontier,52,62,True,2348.1072594371512,2347.887157111571,9.374484838998979e-05,daed4e71d04199ab15121d705d7366bdc02ba9098a7341edf20738e4d4854d01,
random_frontier,52,63,True,2348.235932731844,2347.887157111571,0.00014854871505073423,8f15316b5a0ba539f0c9d3b84b936718f4b64d40bf5142556a0ddd4ee3dd2dd1,
random_frontier,52,64,True,2348.760893412882,2347.887157111571,0.0003721372633538093,3a875751fd13e4ecb29118cbb5c4d52c19500318214df2385558660c008623ee,
random_frontier,52,65,True,2348.886237312267,2347.887157111571,0.00042552309112038606,2646ab6c5b7d4186ef0f6e5a56947e780673ba70ddaafda1c2a166333cbd4c30,
random_frontier,52,66,True,2348.3868149789237,2347.887157111571,0.00021281170427600292,0f50a5ab1d2151a63eabaf179e4bc170c8f5e8bdf01a5499df2bd8c4da525287,
random_frontier,52,67,True,2348.3868149789237,2347.887157111571,0.00021281170427600292,0f50a5ab1d2151a63eabaf179e4bc170c8f5e8bdf01a5499df2bd8c4da525287,
random_frontier,52,68,True,2348.886237312267,2347.887157111571,0.00042552309112038606,2646ab6c5b7d4186ef0f6e5a56947e780673ba70ddaafda1c2a166333cbd4c30,
random_frontier,52,69,True,2348.886237312267,2347.887157111571,0.00042552309112038606,2646ab6c5b7d4186ef0f6e5a56947e780673ba70ddaafda1c2a166333cbd4c30,
random_frontier,52,70,True,2348.495110084892,2347.887157111571,0.0002589361977979303,b4581e2cadbc8a7498ce6deddca754cc927489978ed7da1b9ca9f5ebd8633cf0,
random_frontier,52,71,True,2348.886237312267,2347.887157111571,0.00042552309112038606,2646ab6c5b7d4186ef0f6e5a56947e780673ba70ddaafda1c2a166333cbd4c30,
random_frontier,52,72,True,2348.3868149789237,2347.887157111571,0.00021281170427600292,0f50a5ab1d2151a63eabaf179e4bc170c8f5e8bdf01a5499df2bd8c4da525287,
random_frontier,52,73,True,2348.760893412882,2347.887157111571,0.0003721372633538093,3a875751fd13e4ecb29118cbb5c4d52c19500318214df2385558660c008623ee,
random_frontier,52,74,True,2348.512014336956,2347.887157111571,0.00026613596973441123,f76a4604faa35497b7002446acc48099567913013302c65e0fd1685e0a5edafe,
random_frontier,52,75,True,2348.495110084892,2347.887157111571,0.0002589361977979303,b4581e2cadbc8a7498ce6deddca754cc927489978ed7da1b9ca9f5ebd8633cf0,
random_frontier,52,76,True,2347.998964331183,2347.887157111571,4.7620354868062387e-05,05c6453316d4458469ac9f0f7ae4ea71e8cc4ac6265cfd50bd6b2dbf3426f4cb,
random_frontier,52,77,True,2348.495110084892,2347.887157111571,0.0002589361977979303,b4581e2cadbc8a7498ce6deddca754cc927489978ed7da1b9ca9f5ebd8633cf0,
random_frontier,52,78,True,2348.3868149789237,2347.887157111571,0.00021281170427600292,0f50a5ab1d2151a63eabaf179e4bc170c8f5e8bdf01a5499df2bd8c4da525287,
random_frontier,52,79,True,2348.778036557349,2347.887157111571,0.0003794387831116794,1624256efaa6025c8053692551d0db1701871ef591cd8700eef3fda6c7449c99,
random_frontier,52,80,True,2347.998964331183,2347.887157111571,4.7620354868062387e-05,05c6453316d4458469ac9f0f7ae4ea71e8cc4ac6265cfd50bd6b2dbf3426f4cb,
random_frontier,52,81,True,2348.778036557349,2347.887157111571,0.0003794387831116794,1624256efaa6025c8053692551d0db1701871ef591cd8700eef3fda6c7449c99,
random_frontier,52,82,True,2348.235932731844,2347.887157111571,0.00014854871505073423,8f15316b5a0ba539f0c9d3b84b936718f4b64d40bf5142556a0ddd4ee3dd2dd1,
random_frontier,52,83,True,2348.760893412882,2347.887157111571,0.0003721372633538093,3a875751fd13e4ecb29118cbb5c4d52c19500318214df2385558660c008623ee,
random_frontier,52,84,True,2348.886237312267,2347.887157111571,0.00042552309112038606,2646ab6c5b7d4186ef0f6e5a56947e780673ba70ddaafda1c2a166333cbd4c30,
random_frontier,52,85,True,2348.495110084892,2347.887157111571,0.0002589361977979303,b4581e2cadbc8a7498ce6deddca754cc927489978ed7da1b9ca9f5ebd8633cf0,
random_frontier,52,86,True,2348.495110084892,2347.887157111571,0.0002589361977979303,b4581e2cadbc8a7498ce6deddca754cc927489978ed7da1b9ca9f5ebd8633cf0,
random_frontier,52,87,True,2348.1072594371512,2347.887157111571,9.374484838998979e-05,daed4e71d04199ab15121d705d7366bdc02ba9098a7341edf20738e4d4854d01,
random_frontier,52,88,True,2348.778036557349,2347.887157111571,0.0003794387831116794,1624256efaa6025c8053692551d0db1701871ef591cd8700eef3fda6c7449c99,
random_frontier,52,89,True,2348.3868149789237,2347.887157111571,0.00021281170427600292,0f50a5ab1d2151a63eabaf179e4bc170c8f5e8bdf01a5499df2bd8c4da525287,
random_frontier,52,90,True,2348.760893412882,2347.887157111571,0.0003721372633538093,3a875751fd13e4ecb29118cbb5c4d52c19500318214df2385558660c008623ee,
random_frontier,52,91,True,2348.495110084892,2347.887157111571,0.0002589361977979303,b4581e2cadbc8a7498ce6deddca754cc927489978ed7da1b9ca9f5ebd8633cf0,
random_frontier,52,92,True,2348.760893412882,2347.887157111571,0.0003721372633538093,3a875751fd13e4ecb29118cbb5c4d52c19500318214df2385558660c008623ee,
random_frontier,52,93,True,2348.495110084892,2347.887157111571,0.0002589361977979303,b4581e2cadbc8a7498ce6deddca754cc927489978ed7da1b9ca9f5ebd8633cf0,
random_frontier,52,94,True,2348.886237312267,2347.887157111571,0.00042552309112038606,2646ab6c5b7d4186ef0f6e5a56947e780673ba70ddaafda1c2a166333cbd4c30,
random_frontier,52,95,True,2348.3442278378125,2347.887157111571,0.0001946732085726616,d5c3bbbf1ac45dae9dd8878357b90f6f0b306b6ee850c5442b396d9a1d61cf72,
random_frontier,52,96,True,2348.495110084892,2347.887157111571,0.0002589361977979303,b4581e2cadbc8a7498ce6deddca754cc927489978ed7da1b9ca9f5ebd8633cf0,
random_frontier,52,97,True,2348.760893412882,2347.887157111571,0.0003721372633538093,3a875751fd13e4ecb29118cbb5c4d52c19500318214df2385558660c008623ee,
random_frontier,52,98,True,2348.3868149789237,2347.887157111571,0.00021281170427600292,0f50a5ab1d2151a63eabaf179e4bc170c8f5e8bdf01a5499df2bd8c4da525287,
random_frontier,52,99,True,2348.886237312267,2347.887157111571,0.00042552309112038606,2646ab6c5b7d4186ef0f6e5a56947e780673ba70ddaafda1c2a166333cbd4c30,
